pgs_id,ancestry_display,train_bucket,n_eval,cases_total,ctrls_total,auc_mean_w,auc_mean_unw,n_records,n_label
PGS000004,European,Train: European-only,9382238,41515,846072,0.6641857718866676,0.6410578947368422,19,9M
PGS000004,African,Train: European-only,31040,7791,12532,0.576456078417602,0.5821999999999999,5,31K
PGS000004,East Asian,Train: European-only,2010,207,1803,0.64,0.64,1,2K
PGS000004,Hispanic or Latin American,Train: European-only,5499,367,5132,0.6279403188647856,0.615,2,5K
PGS000011,European,Train: Multi incl. EUR,45645,8108,37537,0.75,0.75,1,46K
PGS000011,African,Train: Multi incl. EUR,7597,838,6759,0.763,0.763,1,8K
PGS000011,Hispanic or Latin American,Train: Multi incl. EUR,268907,5582,130118,0.7385031602291702,0.74475,4,269K
PGS000013,European,Train: Multi incl. EUR,925613,47411,867844,0.6968168131169655,0.7548823529411764,17,926K
PGS000013,African,Train: Multi incl. EUR,7597,838,6759,0.771,0.771,1,8K
PGS000013,East Asian,Train: Multi incl. EUR,901,265,636,0.9199999999999999,0.92,1,901
PGS000013,South Asian,Train: Multi incl. EUR,8893,2047,6846,0.7784956707522772,0.7189666666666666,3,9K
PGS000013,Hispanic or Latin American,Train: Multi incl. EUR,275955,5582,130118,0.7359724740571928,0.7248,5,276K
PGS000014,European,Train: European-only,643176,27002,616174,0.7196438764482854,0.7203333333333333,3,643K
PGS000014,East Asian,Train: European-only,2581,281,2300,0.6209246833500068,0.645,2,3K
PGS000014,South Asian,Train: European-only,7844,1447,6397,0.7018447325635431,0.675,2,8K
PGS000014,Hispanic or Latin American,Train: European-only,33652,4033,29619,0.757,0.757,1,34K
PGS000014,Middle Eastern or North African,Train: European-only,6677,2466,4211,0.6593866105055618,0.7,2,7K
PGS000018,European,Train: Multi incl. EUR,537268,38337,498917,0.6728176096471119,0.7311583333333334,12,537K
PGS000018,African,Train: Multi incl. EUR,7597,838,6759,0.7750000000000001,0.775,1,8K
PGS000018,Hispanic or Latin American,Train: Multi incl. EUR,268907,5582,130118,0.74097070880971,0.753,4,269K
PGS000018,Middle Eastern or North African,Train: Multi incl. EUR,7023,1014,6009,0.686,0.686,1,7K
PGS000022,European,NA,1447,478,290,0.8508,0.8508,1,1K
PGS000022,African,NA,299,84,63,0.7522,0.7522,1,299
PGS000022,Hispanic or Latin American,NA,252,65,43,0.9003,0.9003,1,252
PGS000023,European,Train: African-only,60019,0,0,0.7894520068644928,0.7893333333333333,3,60K
PGS000023,African,Train: African-only,13544,0,0,0.8114155345540459,0.7989999999999999,2,14K
PGS000023,Hispanic or Latin American,Train: African-only,20793,0,0,0.8148029144423604,0.7989999999999999,2,21K
PGS000024,European,Train: European-only,480624,6979,385936,0.8700655356477494,0.8717142857142857,7,481K
PGS000024,African,Train: European-only,13910,0,0,0.8307682961897914,0.8493333333333333,3,14K
PGS000024,Hispanic or Latin American,Train: European-only,21205,0,0,0.827367271869842,0.8773333333333333,3,21K
PGS000036,European,Train: Multi incl. EUR,680236,34629,644439,0.722303830523148,0.70625,4,680K
PGS000036,African,Train: Multi incl. EUR,366,0,0,0.574,0.574,1,366
PGS000036,East Asian,Train: Multi incl. EUR,2581,281,2300,0.6421284491825064,0.665,2,3K
PGS000036,South Asian,Train: Multi incl. EUR,7844,1447,6397,0.6998792364383112,0.679,2,8K
PGS000036,Hispanic or Latin American,Train: Multi incl. EUR,34064,4033,29619,0.7579566530501491,0.7404999999999999,2,34K
PGS000036,Middle Eastern or North African,Train: Multi incl. EUR,4938,2469,2469,0.83,0.83,1,5K
PGS000039,European,Train: Multi incl. EUR,12792,173,12619,0.685,0.685,1,13K
PGS000039,African,Train: Multi incl. EUR,3434,1691,1743,0.547,0.547,1,3K
PGS000039,East Asian,Train: Multi incl. EUR,129611,2869,126742,0.7010881133343151,0.702,2,130K
PGS000200,European,Train: Multi incl. EUR,45645,8108,37537,0.748,0.748,1,46K
PGS000200,African,Train: Multi incl. EUR,7597,838,6759,0.763,0.763,1,8K
PGS000200,Hispanic or Latin American,Train: Multi incl. EUR,2493,419,2074,0.7710000000000001,0.771,1,2K
PGS000330,European,Train: European-only,109021,10069,98952,0.726,0.726,1,109K
PGS000330,East Asian,Train: European-only,2581,281,2300,0.6474403743187553,0.6665,2,3K
PGS000330,South Asian,Train: European-only,7844,1447,6397,0.7158619845009271,0.692,2,8K
PGS000330,Hispanic or Latin American,Train: European-only,33652,4033,29619,0.768,0.768,1,34K
PGS000330,Middle Eastern or North African,Train: European-only,4534,2267,2267,0.646,0.646,1,5K
PGS000337,East Asian,Train: Multi incl. EUR,10999,1827,9172,0.674,0.674,1,11K
PGS000337,Hispanic or Latin American,Train: Multi incl. EUR,266414,5163,128044,0.7411836213168038,0.7403333333333333,3,266K
PGS000337,Middle Eastern or North African,Train: Multi incl. EUR,7023,1014,6009,0.667,0.667,1,7K
PGS000662,European,Train: Multi incl. EUR,207538,7531,200007,0.8351490272263976,0.8586666666666667,3,208K
PGS000662,African,Train: Multi incl. EUR,932,476,456,0.961,0.961,1,932
PGS000662,East Asian,Train: Multi incl. EUR,1813,757,748,0.9200566996178098,0.8405,2,2K
PGS000662,Hispanic or Latin American,Train: Multi incl. EUR,880,442,438,0.961,0.961,1,880
PGS000713,European,Train: European-only,196434,10069,98952,0.6950771480054195,0.7,2,196K
PGS000713,East Asian,Train: European-only,2581,281,2300,0.644702088355009,0.6759999999999999,2,3K
PGS000713,South Asian,Train: European-only,7844,1447,6397,0.7110817936105048,0.6819999999999999,2,8K
PGS000713,Hispanic or Latin American,Train: European-only,33652,4033,29619,0.7619999999999999,0.762,1,34K
PGS000713,Middle Eastern or North African,Train: European-only,6677,2466,4211,0.6692492300546193,0.7095,2,7K
PGS000729,European,Train: European-only,109021,10069,98952,0.712,0.712,1,109K
PGS000729,East Asian,Train: European-only,2581,281,2300,0.645835353208756,0.6665,2,3K
PGS000729,South Asian,Train: European-only,7844,1447,6397,0.7088619845009271,0.685,2,8K
PGS000729,Hispanic or Latin American,Train: European-only,33652,4033,29619,0.761,0.761,1,34K
PGS000804,European,Train: Multi incl. EUR,423729,19786,403943,0.825,0.825,1,424K
PGS000804,African,Train: Multi incl. EUR,15609,5972,9637,0.6701,0.6701,1,16K
PGS000804,Hispanic or Latin American,Train: Multi incl. EUR,20486,4137,16349,0.7293000000000001,0.7293,1,20K
PGS000804,Middle Eastern or North African,Train: Multi incl. EUR,11615,4935,6680,0.7454990472362802,0.7473333333333333,3,12K
PGS000805,European,Train: European-only,532750,29855,502895,0.7866891089865534,0.76615,2,533K
PGS000805,East Asian,Train: European-only,2581,281,2300,0.649224055711257,0.6735,2,3K
PGS000805,South Asian,Train: European-only,7844,1447,6397,0.7150236448678683,0.6975,2,8K
PGS000805,Hispanic or Latin American,Train: European-only,33652,4033,29619,0.764,0.764,1,34K
PGS000805,Middle Eastern or North African,Train: European-only,6677,2466,4211,0.6658370887017918,0.7050000000000001,2,7K
PGS000864,European,Train: European-only,109021,10069,98952,0.687,0.687,1,109K
PGS000864,East Asian,Train: European-only,2581,281,2300,0.6187271939050065,0.6419999999999999,2,3K
PGS000864,South Asian,Train: European-only,7844,1447,6397,0.6866421753913492,0.6679999999999999,2,8K
PGS000864,Hispanic or Latin American,Train: European-only,33652,4033,29619,0.745,0.745,1,34K
PGS000868,European,Train: European-only,109021,10069,98952,0.696,0.696,1,109K
PGS000868,East Asian,Train: European-only,2581,281,2300,0.6408228004337571,0.6655,2,3K
PGS000868,South Asian,Train: European-only,7844,1447,6397,0.7066766792661175,0.694,2,8K
PGS000868,Hispanic or Latin American,Train: European-only,33652,4033,29619,0.758,0.758,1,34K
PGS000868,Middle Eastern or North African,Train: European-only,6677,2466,4211,0.6657220781715846,0.7125,2,7K
PGS000925,European,Train: European-only,92330,10606,81724,0.5877794998105412,0.59194,2,92K
PGS000925,East Asian,Train: European-only,1704,112,1592,0.60323,0.60323,1,2K
PGS000925,South Asian,Train: European-only,7831,1025,6806,0.59639,0.59639,1,8K
PGS000927,European,Train: European-only,92330,8514,83816,0.5622410190734817,0.5566949999999999,2,92K
PGS000927,East Asian,Train: European-only,1704,143,1561,0.57706,0.57706,1,2K
PGS000927,South Asian,Train: European-only,7831,850,6981,0.58261,0.58261,1,8K
PGS000928,European,Train: European-only,92330,797,91533,0.7207065789767447,0.7181500000000001,2,92K
PGS000928,East Asian,Train: European-only,1704,32,1672,0.6964,0.6964,1,2K
PGS000928,South Asian,Train: European-only,7831,81,7750,0.77727,0.77727,1,8K
PGS000929,European,Train: European-only,92330,499,91831,0.8154146286287596,0.815295,2,92K
PGS000929,East Asian,Train: European-only,1704,2,1702,0.95182,0.95182,1,2K
PGS000929,South Asian,Train: European-only,7831,34,7797,0.82116,0.82116,1,8K
PGS000930,European,Train: European-only,64082,795,63287,0.6227722772008413,0.62478,2,64K
PGS000930,East Asian,Train: European-only,945,5,940,0.83468,0.83468,1,945
PGS000930,South Asian,Train: European-only,5381,36,5345,0.71068,0.71068,1,5K
PGS000931,European,Train: European-only,65708,2499,63209,0.6333707627483268,0.638115,2,66K
PGS000931,East Asian,Train: European-only,952,12,940,0.68652,0.68652,1,952
PGS000931,South Asian,Train: European-only,5480,136,5344,0.63964,0.63964,1,5K
PGS000932,European,Train: European-only,92330,4157,88173,0.5460505350025991,0.5502499999999999,2,92K
PGS000932,East Asian,Train: European-only,1704,37,1667,0.67311,0.67311,1,2K
PGS000932,South Asian,Train: European-only,7831,344,7487,0.59693,0.59693,1,8K
PGS000933,European,Train: European-only,92330,1303,91027,0.6725777284105784,0.66915,2,92K
PGS000933,East Asian,Train: European-only,8124,715,7409,0.536197640070906,0.6193466666666667,3,8K
PGS000933,South Asian,Train: European-only,7831,82,7749,0.68977,0.68977,1,8K
PGS000934,European,Train: European-only,92330,1284,91046,0.644534895682743,0.640935,2,92K
PGS000934,East Asian,Train: European-only,8124,718,7406,0.5313412950380829,0.5825566666666667,3,8K
PGS000934,South Asian,Train: European-only,7831,95,7736,0.6332,0.6332,1,8K
PGS000936,European,Train: European-only,92330,11909,80421,0.7301062038989706,0.73234,2,92K
PGS000936,East Asian,Train: European-only,1704,164,1540,0.72115,0.72115,1,2K
PGS000936,South Asian,Train: European-only,7831,1551,6280,0.68493,0.68493,1,8K
PGS000937,European,Train: European-only,92330,3038,89292,0.6396756405707683,0.643535,2,92K
PGS000937,East Asian,Train: European-only,1704,25,1679,0.71088,0.71088,1,2K
PGS000937,South Asian,Train: European-only,7831,172,7659,0.67258,0.67258,1,8K
PGS000938,European,Train: European-only,92330,4157,88173,0.6493431968143426,0.652625,2,92K
PGS000938,East Asian,Train: European-only,1704,31,1673,0.6963,0.6963,1,2K
PGS000938,South Asian,Train: European-only,7831,253,7578,0.67693,0.67693,1,8K
PGS000939,European,Train: European-only,92330,12527,79803,0.6535055773678361,0.65898,2,92K
PGS000939,East Asian,Train: European-only,1704,82,1622,0.63197,0.63197,1,2K
PGS000939,South Asian,Train: European-only,7831,920,6911,0.6624100000000002,0.66241,1,8K
PGS000941,European,Train: European-only,92330,473,91857,0.6641129332153459,0.6677299999999999,2,92K
PGS000941,East Asian,Train: European-only,1704,5,1699,0.8465,0.8465,1,2K
PGS000941,South Asian,Train: European-only,7831,65,7766,0.67356,0.67356,1,8K
PGS000942,European,Train: European-only,92330,3904,88426,0.6448377726477533,0.646425,2,92K
PGS000942,East Asian,Train: European-only,1704,48,1656,0.68844,0.68844,1,2K
PGS000942,South Asian,Train: European-only,7831,256,7575,0.65729,0.65729,1,8K
PGS000943,European,Train: European-only,92330,939,91391,0.6060442882940617,0.615665,2,92K
PGS000943,East Asian,Train: European-only,1704,14,1690,0.8085,0.8085,1,2K
PGS000943,South Asian,Train: European-only,7831,66,7765,0.64056,0.64056,1,8K
PGS000944,European,Train: European-only,92330,3387,88943,0.5693375606836328,0.56779,2,92K
PGS000944,East Asian,Train: European-only,1704,66,1638,0.59588,0.59588,1,2K
PGS000944,South Asian,Train: European-only,7831,243,7588,0.56106,0.56106,1,8K
PGS000947,European,Train: European-only,92070,9986,82084,0.592918107340057,0.589025,2,92K
PGS000947,East Asian,Train: European-only,1639,302,1337,0.63149,0.63149,1,2K
PGS000947,South Asian,Train: European-only,7528,724,6804,0.57052,0.57052,1,8K
PGS000948,European,Train: European-only,92330,4234,88096,0.8103450929596594,0.8151550000000001,2,92K
PGS000948,East Asian,Train: European-only,1704,20,1684,0.9389,0.9389,1,2K
PGS000948,South Asian,Train: European-only,7831,284,7547,0.79999,0.79999,1,8K
PGS000949,European,Train: European-only,92330,4947,87383,0.8070884431895498,0.809875,2,92K
PGS000949,East Asian,Train: European-only,1704,23,1681,0.91597,0.91597,1,2K
PGS000949,South Asian,Train: European-only,7831,327,7504,0.80083,0.80083,1,8K
PGS000950,European,Train: European-only,92330,3678,88652,0.6861843223216908,0.686985,2,92K
PGS000950,East Asian,Train: European-only,1704,11,1693,0.71374,0.71374,1,2K
PGS000950,South Asian,Train: European-only,7831,32,7799,0.69762,0.69762,1,8K
PGS000957,European,Train: European-only,92330,22089,70241,0.7294956760094483,0.73538,2,92K
PGS000957,East Asian,Train: European-only,1704,298,1406,0.7518999999999999,0.7519,1,2K
PGS000957,South Asian,Train: European-only,7831,2513,5318,0.73072,0.73072,1,8K
PGS000958,European,Train: European-only,92330,19982,72348,0.7291924301308912,0.7347349999999999,2,92K
PGS000958,East Asian,Train: European-only,1704,259,1445,0.74478,0.74478,1,2K
PGS000958,South Asian,Train: European-only,7831,2406,5425,0.73161,0.73161,1,8K
PGS000959,European,Train: European-only,92330,902,91428,0.6997164378137146,0.701395,2,92K
PGS000959,East Asian,Train: European-only,1704,13,1691,0.765,0.765,1,2K
PGS000959,South Asian,Train: European-only,7831,75,7756,0.72343,0.72343,1,8K
PGS000960,European,Train: European-only,92330,934,91396,0.7208503156288826,0.7228399999999999,2,92K
PGS000960,East Asian,Train: European-only,1704,9,1695,0.79135,0.79135,1,2K
PGS000960,South Asian,Train: European-only,7831,63,7768,0.7365900000000001,0.73659,1,8K
PGS000961,European,Train: European-only,92330,3022,89308,0.6484193861688057,0.6557,2,92K
PGS000961,East Asian,Train: European-only,1704,15,1689,0.66631,0.66631,1,2K
PGS000961,South Asian,Train: European-only,7831,145,7686,0.63064,0.63064,1,8K
PGS000962,European,Train: European-only,92330,6752,85578,0.7657520494638083,0.7703599999999999,2,92K
PGS000962,East Asian,Train: European-only,1704,48,1656,0.7684300000000001,0.76843,1,2K
PGS000962,South Asian,Train: European-only,7831,1095,6736,0.76819,0.76819,1,8K
PGS000963,European,Train: European-only,92330,2663,89667,0.6143310231136336,0.6140650000000001,2,92K
PGS000963,East Asian,Train: European-only,1704,29,1675,0.64299,0.64299,1,2K
PGS000963,South Asian,Train: European-only,7831,180,7651,0.64204,0.64204,1,8K
PGS000964,European,Train: European-only,92330,1670,90660,0.5500578753783695,0.55454,2,92K
PGS000964,East Asian,Train: European-only,1704,11,1693,0.8100700000000001,0.81007,1,2K
PGS000964,South Asian,Train: European-only,7831,110,7721,0.61724,0.61724,1,8K
PGS000965,European,Train: European-only,92330,5880,86450,0.7672951138860299,0.76645,2,92K
PGS000965,East Asian,Train: European-only,1704,53,1651,0.68903,0.68903,1,2K
PGS000965,South Asian,Train: European-only,7831,624,7207,0.74628,0.74628,1,8K
PGS000967,European,Train: European-only,92330,3562,88768,0.6955831287997439,0.7020150000000001,2,92K
PGS000967,East Asian,Train: European-only,1704,16,1688,0.67991,0.67991,1,2K
PGS000967,South Asian,Train: European-only,7831,74,7757,0.72467,0.72467,1,8K
PGS000972,European,Train: European-only,89704,6560,83144,0.6150892464041533,0.61704,2,90K
PGS000972,East Asian,Train: European-only,1644,142,1502,0.62489,0.62489,1,2K
PGS000972,South Asian,Train: European-only,7468,982,6486,0.60772,0.60772,1,7K
PGS000976,European,Train: European-only,1746,1017,729,0.6271543159545869,0.63211,2,2K
PGS000976,East Asian,Train: European-only,41,32,9,0.80208,0.80208,1,41
PGS000976,South Asian,Train: European-only,164,117,47,0.70304,0.70304,1,164
PGS000977,European,Train: European-only,1746,1190,556,0.59205784297897035,0.607955,2,2K
PGS000977,East Asian,Train: European-only,41,28,13,0.84066,0.84066,1,41
PGS000977,South Asian,Train: European-only,164,115,49,0.65892,0.65892,1,164
PGS000980,European,Train: European-only,92255,20609,71646,0.6356664461679754,0.63897,2,92K
PGS000980,East Asian,Train: European-only,1652,187,1465,0.65218,0.65218,1,2K
PGS000980,South Asian,Train: European-only,7396,460,6936,0.63507,0.63507,1,7K
PGS000982,European,Train: European-only,92255,8759,83496,0.695100280852129,0.6959850000000001,2,92K
PGS000982,East Asian,Train: European-only,1652,469,1183,0.65071,0.65071,1,2K
PGS000982,South Asian,Train: European-only,7396,3696,3700,0.61231,0.61231,1,7K
PGS000990,European,Train: European-only,92330,1204,91126,0.637230079847024,0.6392,2,92K
PGS000990,East Asian,Train: European-only,1704,12,1692,0.75788,0.75788,1,2K
PGS000990,South Asian,Train: European-only,7831,76,7755,0.71433,0.71433,1,8K
PGS000991,European,Train: European-only,92071,18632,73439,0.6154882224618758,0.61703,2,92K
PGS000991,East Asian,Train: European-only,1653,190,1463,0.64533,0.64533,1,2K
PGS000991,South Asian,Train: European-only,7539,1046,6493,0.6355,0.6355,1,8K
PGS000995,European,Train: European-only,92070,15750,76320,0.7348063289843263,0.742715,2,92K
PGS000995,East Asian,Train: European-only,1639,340,1299,0.72417,0.72417,1,2K
PGS000995,South Asian,Train: European-only,7528,812,6716,0.72384,0.72384,1,8K
PGS000996,European,Train: European-only,92330,1184,91146,0.6811687647282221,0.68798,2,92K
PGS000996,East Asian,Train: European-only,1704,2,1702,0.91481,0.91481,1,2K
PGS000996,South Asian,Train: European-only,7831,14,7817,0.80455,0.80455,1,8K
PGS000997,European,Train: European-only,92330,8746,83584,0.6895526651618789,0.698015,2,92K
PGS000997,East Asian,Train: European-only,1704,24,1680,0.75551,0.75551,1,2K
PGS000997,South Asian,Train: European-only,7831,330,7501,0.73365,0.73365,1,8K
PGS001006,European,Train: European-only,90867,41575,49292,0.582333252269831,0.5804400000000001,2,91K
PGS001006,East Asian,Train: European-only,1602,664,938,0.59942,0.59942,1,2K
PGS001006,South Asian,Train: European-only,7281,3505,3776,0.60517,0.60517,1,7K
PGS001011,European,Train: European-only,92330,3139,89191,0.5600874058458399,0.560135,2,92K
PGS001011,East Asian,Train: European-only,1704,32,1672,0.65545,0.65545,1,2K
PGS001011,South Asian,Train: European-only,7831,307,7524,0.5793,0.5793,1,8K
PGS001013,European,Train: European-only,31963,872,31091,0.7096578437742976,0.7156750000000001,2,32K
PGS001013,East Asian,Train: European-only,711,18,693,0.90123,0.90123,1,711
PGS001013,South Asian,Train: European-only,3327,63,3264,0.76624,0.76624,1,3K
PGS001014,European,Train: European-only,92330,519,91811,0.6359554549156569,0.638825,2,92K
PGS001014,East Asian,Train: European-only,1704,5,1699,0.8635699999999998,0.86357,1,2K
PGS001014,South Asian,Train: European-only,7831,89,7742,0.73516,0.73516,1,8K
PGS001015,European,Train: European-only,92330,1457,90873,0.8799879591625406,0.8871,2,92K
PGS001015,East Asian,Train: European-only,1704,14,1690,0.9442099999999999,0.94421,1,2K
PGS001015,South Asian,Train: European-only,7831,102,7729,0.89677,0.89677,1,8K
PGS001016,European,Train: European-only,89773,50275,39498,0.6169827823189977,0.6142700000000001,2,90K
PGS001016,East Asian,Train: European-only,1534,681,853,0.61857,0.61857,1,2K
PGS001016,South Asian,Train: European-only,7159,4355,2804,0.60244,0.60244,1,7K
PGS001017,European,Train: European-only,88953,19188,69765,0.5612063657110306,0.562395,2,89K
PGS001017,East Asian,Train: European-only,1473,294,1179,0.56758,0.56758,1,1K
PGS001017,South Asian,Train: European-only,6958,1471,5487,0.58706,0.58706,1,7K
PGS001018,European,Train: European-only,92026,65720,26306,0.5529782934422979,0.562445,2,92K
PGS001018,East Asian,Train: European-only,1633,1018,615,0.57527,0.57527,1,2K
PGS001018,South Asian,Train: European-only,7477,4862,2615,0.55963,0.55963,1,7K
PGS001019,European,Train: European-only,56904,29314,27590,0.5601165336844673,0.5648599999999999,2,57K
PGS001019,East Asian,Train: European-only,1085,456,629,0.58246,0.58246,1,1K
PGS001019,South Asian,Train: European-only,4460,1790,2670,0.5442,0.5442,1,4K
PGS001020,European,Train: European-only,35922,7636,28286,0.6340945402834294,0.63364,2,36K
PGS001020,East Asian,Train: European-only,779,135,644,0.65214,0.65214,1,779
PGS001020,South Asian,Train: European-only,3118,405,2713,0.60534,0.60534,1,3K
PGS001021,European,Train: European-only,89968,51833,38135,0.6140924855660609,0.6121,2,90K
PGS001021,East Asian,Train: European-only,1544,746,798,0.58907,0.58907,1,2K
PGS001021,South Asian,Train: European-only,7170,3970,3200,0.59978,0.59978,1,7K
PGS001022,European,Train: European-only,88757,43355,45402,0.5942652482456147,0.590155,2,89K
PGS001022,East Asian,Train: European-only,1530,605,925,0.56492,0.56492,1,2K
PGS001022,South Asian,Train: European-only,6993,3557,3436,0.56486,0.56486,1,7K
PGS001023,European,Train: European-only,92330,838,91492,0.6672253767811877,0.67905,2,92K
PGS001023,East Asian,Train: European-only,1704,8,1696,0.72332,0.72332,1,2K
PGS001023,South Asian,Train: European-only,7831,65,7766,0.60481,0.60481,1,8K
PGS001024,European,Train: European-only,92330,6051,86279,0.5686372383143103,0.57367,2,92K
PGS001024,East Asian,Train: European-only,1704,164,1540,0.59643,0.59643,1,2K
PGS001024,South Asian,Train: European-only,7831,609,7222,0.59907,0.59907,1,8K
PGS001025,European,Train: European-only,92330,916,91414,0.7357851691230395,0.745685,2,92K
PGS001025,East Asian,Train: European-only,1704,10,1694,0.85035,0.85035,1,2K
PGS001025,South Asian,Train: European-only,7831,65,7766,0.7872,0.7872,1,8K
PGS001026,European,Train: European-only,92330,1839,90491,0.6167171080899759,0.617065,2,92K
PGS001026,East Asian,Train: European-only,1704,12,1692,0.7593100000000002,0.75931,1,2K
PGS001026,South Asian,Train: European-only,7831,82,7749,0.60309,0.60309,1,8K
PGS001027,European,Train: European-only,92330,3895,88435,0.5704578867621511,0.56977,2,92K
PGS001027,East Asian,Train: European-only,1704,36,1668,0.64127,0.64127,1,2K
PGS001027,South Asian,Train: European-only,7831,348,7483,0.58042,0.58042,1,8K
PGS001028,European,Train: European-only,31772,631,31141,0.6965965271921021,0.69527,2,32K
PGS001028,East Asian,Train: European-only,706,14,692,0.83123,0.83123,1,706
PGS001028,South Asian,Train: European-only,3533,269,3264,0.7302,0.7302,1,4K
PGS001029,European,Train: European-only,92330,457,91873,0.6084801169131426,0.61772,2,92K
PGS001029,East Asian,Train: European-only,1704,3,1701,0.48912,0.48912,1,2K
PGS001029,South Asian,Train: European-only,7831,61,7770,0.62122,0.62122,1,8K
PGS001030,European,Train: European-only,92330,269,92061,0.771140568850553,0.781485,2,92K
PGS001030,East Asian,Train: European-only,1704,3,1701,0.7883600000000001,0.78836,1,2K
PGS001030,South Asian,Train: European-only,7831,37,7794,0.80812,0.80812,1,8K
PGS001031,European,Train: European-only,92330,4245,88085,0.6131691218359429,0.611015,2,92K
PGS001031,East Asian,Train: European-only,1704,49,1655,0.61535,0.61535,1,2K
PGS001031,South Asian,Train: European-only,7831,456,7375,0.61823,0.61823,1,8K
PGS001032,European,Train: European-only,92330,1554,90776,0.7776165445617045,0.773935,2,92K
PGS001032,East Asian,Train: European-only,1704,28,1676,0.78861,0.78861,1,2K
PGS001032,South Asian,Train: European-only,7831,88,7743,0.84627,0.84627,1,8K
PGS001033,European,Train: European-only,92330,391,91939,0.653460406820405,0.651825,2,92K
PGS001033,East Asian,Train: European-only,1704,3,1701,0.8546,0.8546,1,2K
PGS001033,South Asian,Train: European-only,7831,18,7813,0.66881,0.66881,1,8K
PGS001040,European,Train: European-only,92330,5583,86747,0.7135167696930216,0.7199899999999999,2,92K
PGS001040,East Asian,Train: European-only,1704,6,1698,0.86455,0.86455,1,2K
PGS001040,South Asian,Train: European-only,7831,18,7813,0.76366,0.76366,1,8K
PGS001041,European,Train: European-only,92330,6286,86044,0.6995904849388621,0.705085,2,92K
PGS001041,East Asian,Train: European-only,1704,9,1695,0.83061,0.83061,1,2K
PGS001041,South Asian,Train: European-only,7831,20,7811,0.76232,0.76232,1,8K
PGS001042,European,Train: European-only,92330,1269,91061,0.7075810038740046,0.702745,2,92K
PGS001042,East Asian,Train: European-only,1704,51,1653,0.64568,0.64568,1,2K
PGS001042,South Asian,Train: European-only,7831,107,7724,0.68899,0.68899,1,8K
PGS001043,European,Train: European-only,92330,1091,91239,0.709367229572317,0.705475,2,92K
PGS001043,East Asian,Train: European-only,1704,44,1660,0.62359,0.62359,1,2K
PGS001043,South Asian,Train: European-only,7831,92,7739,0.68797,0.68797,1,8K
PGS001044,European,Train: European-only,92137,18160,73977,0.6268421745034193,0.630625,2,92K
PGS001044,East Asian,Train: European-only,1651,334,1317,0.68295,0.68295,1,2K
PGS001044,South Asian,Train: European-only,7537,926,6611,0.68783,0.68783,1,8K
PGS001045,European,Train: European-only,65444,2407,63037,0.6081569685288898,0.61265,2,65K
PGS001045,East Asian,Train: European-only,1075,34,1041,0.66251,0.66251,1,1K
PGS001045,South Asian,Train: European-only,5037,311,4726,0.68137,0.68137,1,5K
PGS001046,European,Train: European-only,84860,50189,34671,0.6111378467085746,0.606465,2,85K
PGS001046,East Asian,Train: European-only,1577,495,1082,0.67494,0.67494,1,2K
PGS001046,South Asian,Train: European-only,7192,1964,5228,0.7412899999999999,0.74129,1,7K
PGS001047,European,Train: European-only,84860,13049,71811,0.5949879279377829,0.5930500000000001,2,85K
PGS001047,East Asian,Train: European-only,1577,152,1425,0.68329,0.68329,1,2K
PGS001047,South Asian,Train: European-only,7192,570,6622,0.70233,0.70233,1,7K
PGS001048,European,Train: European-only,92330,1241,91089,0.7287658125925832,0.736125,2,92K
PGS001048,East Asian,Train: European-only,1704,8,1696,0.79982,0.79982,1,2K
PGS001048,South Asian,Train: European-only,7831,195,7636,0.7385300000000001,0.73853,1,8K
PGS001049,European,Train: European-only,88998,26041,62957,0.6220135329828403,0.616635,2,89K
PGS001049,East Asian,Train: European-only,1452,429,1023,0.59928,0.59928,1,1K
PGS001049,South Asian,Train: European-only,6771,2703,4068,0.56132,0.56132,1,7K
PGS001050,European,Train: European-only,92330,7999,84331,0.6336881999334756,0.6368849999999999,2,92K
PGS001050,East Asian,Train: European-only,1704,59,1645,0.70285,0.70285,1,2K
PGS001050,South Asian,Train: European-only,7831,606,7225,0.66639,0.66639,1,8K
PGS001051,European,Train: European-only,92330,512,91818,0.7743406882768004,0.7905949999999999,2,92K
PGS001051,East Asian,Train: European-only,1704,3,1701,0.94435,0.94435,1,2K
PGS001051,South Asian,Train: European-only,7831,16,7815,0.73708,0.73708,1,8K
PGS001054,European,Train: European-only,86048,32525,53523,0.6313974726913028,0.6325000000000001,2,86K
PGS001054,East Asian,Train: European-only,1487,557,930,0.67171,0.67171,1,1K
PGS001054,South Asian,Train: European-only,6976,2920,4056,0.6090499999999999,0.60905,1,7K
PGS001058,European,Train: European-only,75792,13357,62435,0.5580341509617851,0.56884,2,76K
PGS001058,East Asian,Train: European-only,988,115,873,0.56685,0.56685,1,988
PGS001058,South Asian,Train: European-only,5759,1252,4507,0.56331,0.56331,1,6K
PGS001059,European,Train: European-only,75792,14473,61319,0.5913857917936307,0.595885,2,76K
PGS001059,East Asian,Train: European-only,988,218,770,0.64303,0.64303,1,988
PGS001059,South Asian,Train: European-only,5759,1476,4283,0.59996,0.59996,1,6K
PGS001063,European,Train: European-only,92139,10141,81998,0.5779022599326887,0.57926,2,92K
PGS001063,East Asian,Train: European-only,1645,150,1495,0.63276,0.63276,1,2K
PGS001063,South Asian,Train: European-only,7568,1617,5951,0.59898,0.59898,1,8K
PGS001064,European,Train: European-only,92248,19081,73167,0.5754699765727028,0.5734,2,92K
PGS001064,East Asian,Train: European-only,1665,173,1492,0.58283,0.58283,1,2K
PGS001064,South Asian,Train: European-only,7664,950,6714,0.56624,0.56624,1,8K
PGS001065,European,Train: European-only,92071,2820,89251,0.5951130022201666,0.603235,2,92K
PGS001065,East Asian,Train: European-only,1653,55,1598,0.64888,0.64888,1,2K
PGS001065,South Asian,Train: European-only,7539,287,7252,0.59764,0.59764,1,8K
PGS001071,European,Train: European-only,85305,21411,63894,0.5926711352545667,0.5978950000000001,2,85K
PGS001071,East Asian,Train: European-only,1592,238,1354,0.63785,0.63785,1,2K
PGS001071,South Asian,Train: European-only,7175,1618,5557,0.60693,0.60693,1,7K
PGS001072,European,Train: European-only,85305,1835,83470,0.7417273349988512,0.74532,2,85K
PGS001072,East Asian,Train: European-only,1592,40,1552,0.80121,0.80121,1,2K
PGS001072,South Asian,Train: European-only,7175,379,6796,0.67677,0.67677,1,7K
PGS001074,European,Train: European-only,52146,46448,5698,0.604936612173958,0.610995,2,52K
PGS001074,East Asian,Train: European-only,925,728,197,0.53885,0.53885,1,925
PGS001074,South Asian,Train: European-only,3751,2623,1128,0.56075,0.56075,1,4K
PGS001085,European,Train: European-only,85400,14700,70700,0.5769629101408938,0.57629,2,85K
PGS001085,East Asian,Train: European-only,1152,227,925,0.59668,0.59668,1,1K
PGS001085,South Asian,Train: European-only,3896,605,3291,0.62832,0.62832,1,4K
PGS001086,European,Train: European-only,40519,25800,14719,0.5713125435667857,0.572755,2,41K
PGS001086,East Asian,Train: European-only,613,205,408,0.59978,0.59978,1,613
PGS001086,South Asian,Train: European-only,2331,698,1633,0.63584,0.63584,1,2K
PGS001090,European,Train: European-only,22645,15609,7036,0.552123885286281,0.553975,2,23K
PGS001090,East Asian,Train: European-only,264,122,142,0.65378,0.65378,1,264
PGS001090,South Asian,Train: European-only,790,526,264,0.56556,0.56556,1,790
PGS001091,European,Train: European-only,90808,17589,73219,0.5745621118191261,0.573305,2,91K
PGS001091,East Asian,Train: European-only,1578,273,1305,0.55678,0.55678,1,2K
PGS001091,South Asian,Train: European-only,7252,1963,5289,0.58383,0.58383,1,7K
PGS001092,European,Train: European-only,92151,4828,87323,0.8768926573663126,0.875175,2,92K
PGS001092,East Asian,Train: European-only,1668,1360,308,0.64698,0.64698,1,2K
PGS001092,South Asian,Train: European-only,7652,5499,2153,0.73447,0.73447,1,8K
PGS001094,European,Train: European-only,92151,71660,20491,0.6812887194076032,0.66902,2,92K
PGS001094,East Asian,Train: European-only,1668,307,1361,0.65007,0.65007,1,2K
PGS001094,South Asian,Train: European-only,7652,2087,5565,0.71561,0.71561,1,8K
PGS001095,European,Train: European-only,92151,35274,56877,0.7640841245428664,0.75468,2,92K
PGS001095,East Asian,Train: European-only,1668,295,1373,0.61634,0.61634,1,2K
PGS001095,South Asian,Train: European-only,7652,1887,5765,0.6651,0.6651,1,8K
PGS001096,European,Train: European-only,92151,36865,55286,0.6385821315588849,0.64026,2,92K
PGS001096,East Asian,Train: European-only,1668,12,1656,0.7191,0.7191,1,2K
PGS001096,South Asian,Train: European-only,7652,201,7451,0.6965,0.6965,1,8K
PGS001097,European,Train: European-only,92151,1170,90981,0.6600094815937466,0.65994,2,92K
PGS001097,East Asian,Train: European-only,1668,8,1660,0.85339,0.85339,1,2K
PGS001097,South Asian,Train: European-only,7652,76,7576,0.77253,0.77253,1,8K
PGS001107,European,Train: European-only,89702,3984,85718,0.6023438271658799,0.6043799999999999,2,90K
PGS001107,East Asian,Train: European-only,1644,108,1536,0.6001,0.6001,1,2K
PGS001107,South Asian,Train: European-only,7468,706,6762,0.59327,0.59327,1,7K
PGS001109,European,Train: European-only,92330,8694,83636,0.5989789398775317,0.59942,2,92K
PGS001109,East Asian,Train: European-only,1704,330,1374,0.54528,0.54528,1,2K
PGS001109,South Asian,Train: European-only,7831,893,6938,0.55379,0.55379,1,8K
PGS001111,European,Train: European-only,92330,964,91366,0.8599516582998697,0.86866,2,92K
PGS001111,East Asian,Train: European-only,1704,4,1700,0.87441,0.87441,1,2K
PGS001111,South Asian,Train: European-only,7831,32,7799,0.85217,0.85217,1,8K
PGS001112,European,Train: European-only,91466,13279,78187,0.6976261956219003,0.69318,2,91K
PGS001112,East Asian,Train: European-only,1584,120,1464,0.70571,0.70571,1,2K
PGS001112,South Asian,Train: European-only,7364,1478,5886,0.73243,0.73243,1,7K
PGS001113,European,Train: European-only,64894,13279,51615,0.6874119548149271,0.68483,2,65K
PGS001113,East Asian,Train: European-only,1243,120,1123,0.72184,0.72184,1,1K
PGS001113,South Asian,Train: European-only,5363,1478,3885,0.73075,0.73075,1,5K
PGS001114,European,Train: European-only,65883,14573,51310,0.5985132753876693,0.5986750000000001,2,66K
PGS001114,East Asian,Train: European-only,1283,166,1117,0.63391,0.63391,1,1K
PGS001114,South Asian,Train: European-only,4705,811,3894,0.61281,0.61281,1,5K
PGS001115,European,Train: European-only,72033,20921,51112,0.5973181224303692,0.594205,2,72K
PGS001115,East Asian,Train: European-only,1387,278,1109,0.6602300000000001,0.66023,1,1K
PGS001115,South Asian,Train: European-only,5818,1958,3860,0.62877,0.62877,1,6K
PGS001116,European,Train: European-only,91466,14573,76893,0.6188909623712705,0.6191949999999999,2,91K
PGS001116,East Asian,Train: European-only,1584,166,1418,0.61277,0.61277,1,2K
PGS001116,South Asian,Train: European-only,7364,811,6553,0.62217,0.62217,1,7K
PGS001117,European,Train: European-only,4332,540,3792,0.7567165319093966,0.7712950000000001,2,4K
PGS001117,East Asian,Train: European-only,86,9,77,0.71573,0.71573,1,86
PGS001117,South Asian,Train: European-only,1358,120,1238,0.62878,0.62878,1,1K
PGS001118,European,Train: European-only,92044,44602,47442,0.6261373525578035,0.631605,2,92K
PGS001118,East Asian,Train: European-only,1626,544,1082,0.63204,0.63204,1,2K
PGS001118,South Asian,Train: European-only,7473,3703,3770,0.65224,0.65224,1,7K
PGS001123,European,Train: European-only,40519,31373,9146,0.5849794750045259,0.589585,2,41K
PGS001123,East Asian,Train: European-only,613,370,243,0.60702,0.60702,1,613
PGS001123,South Asian,Train: European-only,2331,1099,1232,0.61704,0.61704,1,2K
PGS001124,European,Train: European-only,73037,20738,52299,0.6022567230323101,0.6119,2,73K
PGS001124,East Asian,Train: European-only,1059,275,784,0.62271,0.62271,1,1K
PGS001124,South Asian,Train: European-only,3748,606,3142,0.57148,0.57148,1,4K
PGS001125,European,Train: European-only,73037,39438,33599,0.5763166927874861,0.5903849999999999,2,73K
PGS001125,East Asian,Train: European-only,1059,619,440,0.58603,0.58603,1,1K
PGS001125,South Asian,Train: European-only,3748,2481,1267,0.56461,0.56461,1,4K
PGS001127,European,Train: European-only,92028,48857,43171,0.6171623227706475,0.613435,2,92K
PGS001127,East Asian,Train: European-only,1661,1302,359,0.71794,0.71794,1,2K
PGS001127,South Asian,Train: European-only,7615,6019,1596,0.7532,0.7532,1,8K
PGS001128,European,Train: European-only,92028,33890,58138,0.6063487153163207,0.60199,2,92K
PGS001128,East Asian,Train: European-only,1661,237,1424,0.70433,0.70433,1,2K
PGS001128,South Asian,Train: European-only,7615,962,6653,0.73887,0.73887,1,8K
PGS001129,European,Train: European-only,23079,9606,13473,0.5965127389157696,0.594635,2,23K
PGS001129,East Asian,Train: European-only,243,48,195,0.72543,0.72543,1,243
PGS001129,South Asian,Train: European-only,699,169,530,0.69293,0.69293,1,699
PGS001131,European,Train: European-only,92330,2912,89418,0.6104026888751154,0.6114299999999999,2,92K
PGS001131,East Asian,Train: European-only,1704,38,1666,0.6496,0.6496,1,2K
PGS001131,South Asian,Train: European-only,7831,148,7683,0.64482,0.64482,1,8K
PGS001132,European,Train: European-only,92330,21324,71006,0.5846466253230298,0.585885,2,92K
PGS001132,East Asian,Train: European-only,1704,200,1504,0.59763,0.59763,1,2K
PGS001132,South Asian,Train: European-only,7831,1151,6680,0.54947,0.54947,1,8K
PGS001135,European,Train: European-only,92330,5332,86998,0.6554063439049443,0.661925,2,92K
PGS001135,East Asian,Train: European-only,1704,36,1668,0.78855,0.78855,1,2K
PGS001135,South Asian,Train: European-only,7831,538,7293,0.71014,0.71014,1,8K
PGS001137,European,Train: European-only,92330,1017,91313,0.6420012086128549,0.64579,2,92K
PGS001137,East Asian,Train: European-only,1704,11,1693,0.7872,0.7872,1,2K
PGS001137,South Asian,Train: European-only,7831,64,7767,0.73537,0.73537,1,8K
PGS001138,European,Train: European-only,88028,4432,83596,0.6045499924393244,0.608695,2,88K
PGS001138,East Asian,Train: European-only,1618,79,1539,0.62134,0.62134,1,2K
PGS001138,South Asian,Train: European-only,7429,395,7034,0.59949,0.59949,1,7K
PGS001139,European,Train: European-only,25817,12247,13570,0.5758659499233985,0.5733900000000001,2,26K
PGS001139,East Asian,Train: European-only,340,124,216,0.72018,0.72018,1,340
PGS001139,South Asian,Train: European-only,1269,567,702,0.63663,0.63663,1,1K
PGS001140,European,Train: European-only,92330,5561,86769,0.628532128376471,0.629865,2,92K
PGS001140,East Asian,Train: European-only,1704,37,1667,0.74674,0.74674,1,2K
PGS001140,South Asian,Train: European-only,7831,113,7718,0.65125,0.65125,1,8K
PGS001141,European,Train: European-only,85305,63793,21512,0.6133147036870843,0.618355,2,85K
PGS001141,East Asian,Train: European-only,1592,1331,261,0.6721200000000002,0.67212,1,2K
PGS001141,South Asian,Train: European-only,7175,5252,1923,0.62356,0.62356,1,7K
PGS001153,European,Train: European-only,91973,2407,89566,0.5880466275929508,0.59133,2,92K
PGS001153,East Asian,Train: European-only,1640,34,1606,0.63752,0.63752,1,2K
PGS001153,South Asian,Train: European-only,7500,311,7189,0.6488,0.6488,1,8K
PGS001174,European,Train: European-only,92330,4928,87402,0.6724935636098944,0.670635,2,92K
PGS001174,East Asian,Train: European-only,1704,65,1639,0.69749,0.69749,1,2K
PGS001174,South Asian,Train: European-only,7831,312,7519,0.68516,0.68516,1,8K
PGS001181,European,Train: European-only,92330,6261,86069,0.7659603498628641,0.765145,2,92K
PGS001181,East Asian,Train: European-only,1704,61,1643,0.71469,0.71469,1,2K
PGS001181,South Asian,Train: European-only,7831,653,7178,0.74011,0.74011,1,8K
PGS001182,European,Train: European-only,82109,11356,70753,0.8549125987789011,0.856935,2,82K
PGS001182,East Asian,Train: European-only,1519,309,1210,0.87744,0.87744,1,2K
PGS001182,South Asian,Train: European-only,6943,1023,5920,0.84655,0.84655,1,7K
PGS001192,European,Train: European-only,92330,6194,86136,0.6483623261123765,0.65264,2,92K
PGS001192,East Asian,Train: European-only,1704,56,1648,0.6973,0.6973,1,2K
PGS001192,South Asian,Train: European-only,7831,684,7147,0.72749,0.72749,1,8K
PGS001244,European,Train: European-only,90608,20024,70584,0.6389926542466577,0.6408750000000001,2,91K
PGS001244,East Asian,Train: European-only,1541,251,1290,0.54571,0.54571,1,2K
PGS001244,South Asian,Train: European-only,6616,1622,4994,0.5248,0.5248,1,7K
PGS001245,European,Train: European-only,90608,36450,54158,0.59502556093042,0.599205,2,91K
PGS001245,East Asian,Train: European-only,1541,580,961,0.56854,0.56854,1,2K
PGS001245,South Asian,Train: European-only,6616,2395,4221,0.53215,0.53215,1,7K
PGS001246,European,Train: European-only,90608,19250,71358,0.7392203136488077,0.742005,2,91K
PGS001246,East Asian,Train: European-only,1541,605,936,0.57445,0.57445,1,2K
PGS001246,South Asian,Train: European-only,6616,2117,4499,0.53071,0.53071,1,7K
PGS001247,European,Train: European-only,90608,16655,73953,0.7514096837520029,0.758115,2,91K
PGS001247,East Asian,Train: European-only,1541,128,1413,0.60911,0.60911,1,2K
PGS001247,South Asian,Train: European-only,6616,552,6064,0.54182,0.54182,1,7K
PGS001248,European,Train: European-only,92330,1970,90360,0.8207796600874719,0.825955,2,92K
PGS001248,East Asian,Train: European-only,1704,38,1666,0.84973,0.84973,1,2K
PGS001248,South Asian,Train: European-only,7831,175,7656,0.77913,0.77913,1,8K
PGS001249,European,Train: European-only,92330,3140,89190,0.7986022415925975,0.80515,2,92K
PGS001249,East Asian,Train: European-only,1704,46,1658,0.8502999999999998,0.8503,1,2K
PGS001249,South Asian,Train: European-only,7831,286,7545,0.76492,0.76492,1,8K
PGS001250,European,Train: European-only,92330,1373,90957,0.6630902852998624,0.661655,2,92K
PGS001250,East Asian,Train: European-only,1704,25,1679,0.6699200000000001,0.66992,1,2K
PGS001250,South Asian,Train: European-only,7831,146,7685,0.66463,0.66463,1,8K
PGS001251,European,Train: European-only,92330,419,91911,0.7565873806518423,0.76138,2,92K
PGS001251,East Asian,Train: European-only,1704,4,1700,0.64809,0.64809,1,2K
PGS001251,South Asian,Train: European-only,7831,45,7786,0.7658299999999999,0.76583,1,8K
PGS001252,European,Train: European-only,88762,24445,64317,0.6247136373095593,0.624,2,89K
PGS001252,East Asian,Train: European-only,1568,214,1354,0.62777,0.62777,1,2K
PGS001252,South Asian,Train: European-only,7266,1425,5841,0.61586,0.61586,1,7K
PGS001253,European,Train: European-only,88743,24425,64318,0.6248057468944147,0.6241399999999999,2,89K
PGS001253,East Asian,Train: European-only,1568,214,1354,0.62831,0.62831,1,2K
PGS001253,South Asian,Train: European-only,7257,1416,5841,0.61668,0.61668,1,7K
PGS001256,European,Train: European-only,92330,4399,87931,0.6712617316427133,0.67018,2,92K
PGS001256,East Asian,Train: European-only,1704,55,1649,0.6779300000000001,0.67793,1,2K
PGS001256,South Asian,Train: European-only,7831,278,7553,0.68743,0.68743,1,8K
PGS001258,European,Train: European-only,92330,1397,90933,0.6485774523903196,0.64842,2,92K
PGS001258,East Asian,Train: European-only,1704,10,1694,0.76104,0.76104,1,2K
PGS001258,South Asian,Train: European-only,7831,61,7770,0.66735,0.66735,1,8K
PGS001259,European,Train: European-only,92330,5836,86494,0.6021755998255784,0.603595,2,92K
PGS001259,East Asian,Train: European-only,1704,215,1489,0.56313,0.56313,1,2K
PGS001259,South Asian,Train: European-only,7831,435,7396,0.60093,0.60093,1,8K
PGS001260,European,Train: European-only,92330,5268,87062,0.7420046275752379,0.742325,2,92K
PGS001260,East Asian,Train: European-only,1704,41,1663,0.79053,0.79053,1,2K
PGS001260,South Asian,Train: European-only,7831,876,6955,0.74658,0.74658,1,8K
PGS001261,European,Train: European-only,92330,5333,86997,0.7436406864321294,0.74526,2,92K
PGS001261,East Asian,Train: European-only,1704,45,1659,0.7964900000000001,0.79649,1,2K
PGS001261,South Asian,Train: European-only,7831,878,6953,0.74714,0.74714,1,8K
PGS001262,European,Train: European-only,68340,2882,65458,0.7999784316778675,0.79386,2,68K
PGS001262,East Asian,Train: European-only,1317,21,1296,0.81573,0.81573,1,1K
PGS001262,South Asian,Train: European-only,5473,430,5043,0.8083,0.8083,1,5K
PGS001263,European,Train: European-only,92330,4097,88233,0.7680483728766273,0.772735,2,92K
PGS001263,East Asian,Train: European-only,1704,24,1680,0.82631,0.82631,1,2K
PGS001263,South Asian,Train: European-only,7831,186,7645,0.73743,0.73743,1,8K
PGS001264,European,Train: European-only,92330,1913,90417,0.6432274993505029,0.649335,2,92K
PGS001264,East Asian,Train: European-only,1704,7,1697,0.61394,0.61394,1,2K
PGS001264,South Asian,Train: European-only,7831,94,7737,0.64561,0.64561,1,8K
PGS001265,European,Train: European-only,92187,1984,90203,0.6423746681418497,0.6470750000000001,2,92K
PGS001265,East Asian,Train: European-only,1640,9,1631,0.63771,0.63771,1,2K
PGS001265,South Asian,Train: European-only,7556,106,7450,0.62462,0.62462,1,8K
PGS001266,European,Train: European-only,65213,1984,63229,0.635594273568797,0.640015,2,65K
PGS001266,East Asian,Train: European-only,949,9,940,0.63783,0.63783,1,949
PGS001266,South Asian,Train: European-only,5450,106,5344,0.62654,0.62654,1,5K
PGS001267,European,Train: European-only,92330,347,91983,0.741708129001371,0.73983,2,92K
PGS001267,East Asian,Train: European-only,1704,2,1702,0.98913,0.98913,1,2K
PGS001267,South Asian,Train: European-only,7831,14,7817,0.73535,0.73535,1,8K
PGS001268,European,Train: European-only,92330,358,91972,0.7453317429877929,0.74107,2,92K
PGS001268,East Asian,Train: European-only,1704,2,1702,0.99148,0.99148,1,2K
PGS001268,South Asian,Train: European-only,7831,15,7816,0.73282,0.73282,1,8K
PGS001272,European,Train: European-only,92330,2983,89347,0.7094743717167904,0.71724,2,92K
PGS001272,East Asian,Train: European-only,1704,26,1678,0.76389,0.76389,1,2K
PGS001272,South Asian,Train: European-only,7831,416,7415,0.7322600000000001,0.73226,1,8K
PGS001273,European,Train: European-only,92330,3083,89247,0.7719539170938913,0.77701,2,92K
PGS001273,East Asian,Train: European-only,1704,24,1680,0.85769,0.85769,1,2K
PGS001273,South Asian,Train: European-only,7831,195,7636,0.82202,0.82202,1,8K
PGS001274,European,Train: European-only,92330,3346,88984,0.7814738992856527,0.78572,2,92K
PGS001274,East Asian,Train: European-only,1704,30,1674,0.81083,0.81083,1,2K
PGS001274,South Asian,Train: European-only,7831,205,7626,0.81463,0.81463,1,8K
PGS001275,European,Train: European-only,92330,2039,90291,0.6787929433790255,0.6820649999999999,2,92K
PGS001275,East Asian,Train: European-only,1704,43,1661,0.7640800000000001,0.76408,1,2K
PGS001275,South Asian,Train: European-only,7831,284,7547,0.73994,0.73994,1,8K
PGS001276,European,Train: European-only,92330,484,91846,0.681965657535952,0.689935,2,92K
PGS001276,East Asian,Train: European-only,1704,9,1695,0.78112,0.78112,1,2K
PGS001276,South Asian,Train: European-only,7831,204,7627,0.73414,0.73414,1,8K
PGS001277,European,Train: European-only,92330,1488,90842,0.6534305527233936,0.6607799999999999,2,92K
PGS001277,East Asian,Train: European-only,1704,8,1696,0.8083,0.8083,1,2K
PGS001277,South Asian,Train: European-only,7831,53,7778,0.69135,0.69135,1,8K
PGS001278,European,Train: European-only,92187,2499,89688,0.6399406878861738,0.644395,2,92K
PGS001278,East Asian,Train: European-only,1640,12,1628,0.66743,0.66743,1,2K
PGS001278,South Asian,Train: European-only,7556,136,7420,0.63523,0.63523,1,8K
PGS001279,European,Train: European-only,92187,795,91392,0.6256942631839524,0.6270500000000001,2,92K
PGS001279,East Asian,Train: European-only,1640,5,1635,0.82557,0.82557,1,2K
PGS001279,South Asian,Train: European-only,7556,36,7520,0.71053,0.71053,1,8K
PGS001280,European,Train: European-only,92330,1518,90812,0.6570460172899555,0.663595,2,92K
PGS001280,East Asian,Train: European-only,1704,8,1696,0.80741,0.80741,1,2K
PGS001280,South Asian,Train: European-only,7831,53,7778,0.6837099999999999,0.68371,1,8K
PGS001281,European,Train: European-only,92330,3463,88867,0.6511403112034746,0.650855,2,92K
PGS001281,East Asian,Train: European-only,1704,27,1677,0.70929,0.70929,1,2K
PGS001281,South Asian,Train: European-only,7831,217,7614,0.71746,0.71746,1,8K
PGS001282,European,Train: European-only,92330,4477,87853,0.6461081365530004,0.64347,2,92K
PGS001282,East Asian,Train: European-only,1704,34,1670,0.71233,0.71233,1,2K
PGS001282,South Asian,Train: European-only,7831,265,7566,0.71231,0.71231,1,8K
PGS001284,European,Train: European-only,92187,21902,70285,0.6364003608700547,0.6355850000000001,2,92K
PGS001284,East Asian,Train: European-only,1640,656,984,0.6017,0.6017,1,2K
PGS001284,South Asian,Train: European-only,7556,1629,5927,0.60105,0.60105,1,8K
PGS001285,European,Train: European-only,84230,21902,62328,0.6431109183007756,0.642245,2,84K
PGS001285,East Asian,Train: European-only,1575,656,919,0.60016,0.60016,1,2K
PGS001285,South Asian,Train: European-only,6933,1629,5304,0.61,0.61,1,7K
PGS001286,European,Train: European-only,23203,5278,17925,0.5884076172016722,0.5848450000000001,2,23K
PGS001286,East Asian,Train: European-only,245,106,139,0.64171,0.64171,1,245
PGS001286,South Asian,Train: European-only,707,187,520,0.62831,0.62831,1,707
PGS001287,European,Train: European-only,92330,312,92018,0.6611086095836809,0.68287,2,92K
PGS001287,East Asian,Train: European-only,1704,2,1702,0.99354,0.99354,1,2K
PGS001287,South Asian,Train: European-only,7831,21,7810,0.71827,0.71827,1,8K
PGS001288,European,Train: European-only,92330,1176,91154,0.604324529809478,0.614695,2,92K
PGS001288,East Asian,Train: European-only,1704,5,1699,0.8942899999999999,0.89429,1,2K
PGS001288,South Asian,Train: European-only,7831,125,7706,0.66934,0.66934,1,8K
PGS001289,European,Train: European-only,92330,161,92169,0.6647620167422359,0.676045,2,92K
PGS001289,East Asian,Train: European-only,1704,8,1696,0.83233,0.83233,1,2K
PGS001289,South Asian,Train: European-only,7831,13,7818,0.71171,0.71171,1,8K
PGS001290,European,Train: European-only,92330,7785,84545,0.6804341810991765,0.688315,2,92K
PGS001290,East Asian,Train: European-only,1704,56,1648,0.74181,0.74181,1,2K
PGS001290,South Asian,Train: European-only,7831,425,7406,0.72534,0.72534,1,8K
PGS001291,European,Train: European-only,92330,2004,90326,0.8940204574997205,0.9001049999999999,2,92K
PGS001291,East Asian,Train: European-only,1704,9,1695,0.9701100000000001,0.97011,1,2K
PGS001291,South Asian,Train: European-only,7831,80,7751,0.9025999999999998,0.9026,1,8K
PGS001292,European,Train: European-only,92330,9460,82870,0.5795006507464369,0.57518,2,92K
PGS001292,East Asian,Train: European-only,1704,79,1625,0.62093,0.62093,1,2K
PGS001292,South Asian,Train: European-only,7831,413,7418,0.6064,0.6064,1,8K
PGS001293,European,Train: European-only,92330,1618,90712,0.599256620918765,0.61107,2,92K
PGS001293,East Asian,Train: European-only,1704,37,1667,0.69904,0.69904,1,2K
PGS001293,South Asian,Train: European-only,7831,193,7638,0.60451,0.60451,1,8K
PGS001294,European,Train: European-only,92330,5425,86905,0.7150194599920393,0.71963,2,92K
PGS001294,East Asian,Train: European-only,1704,106,1598,0.75536,0.75536,1,2K
PGS001294,South Asian,Train: European-only,7831,1637,6194,0.68707,0.68707,1,8K
PGS001294,Middle Eastern or North African,Train: European-only,6677,2466,4211,0.6637987518583894,0.7055,2,7K
PGS001295,European,Train: European-only,92330,761,91569,0.6850059555925594,0.687825,2,92K
PGS001295,East Asian,Train: European-only,1704,16,1688,0.83509,0.83509,1,2K
PGS001295,South Asian,Train: European-only,7831,171,7660,0.65806,0.65806,1,8K
PGS001296,European,Train: European-only,92330,754,91576,0.6710922862051202,0.6826099999999999,2,92K
PGS001296,East Asian,Train: European-only,1704,5,1699,0.89264,0.89264,1,2K
PGS001296,South Asian,Train: European-only,7831,153,7678,0.67679,0.67679,1,8K
PGS001298,European,Train: European-only,92330,5832,86498,0.5962515232755515,0.597045,2,92K
PGS001298,East Asian,Train: European-only,1704,27,1677,0.6532799999999999,0.65328,1,2K
PGS001298,South Asian,Train: European-only,7831,564,7267,0.61415,0.61415,1,8K
PGS001299,European,Train: European-only,92330,792,91538,0.7696576584106621,0.769055,2,92K
PGS001299,East Asian,Train: European-only,1704,6,1698,0.91431,0.91431,1,2K
PGS001299,South Asian,Train: European-only,7831,13,7818,0.8394499999999999,0.83945,1,8K
PGS001302,European,Train: European-only,92330,6891,85439,0.7439082959756875,0.7507,2,92K
PGS001302,East Asian,Train: European-only,1704,140,1564,0.81531,0.81531,1,2K
PGS001302,South Asian,Train: European-only,7831,1165,6666,0.81674,0.81674,1,8K
PGS001303,European,Train: European-only,92330,5637,86693,0.7312939021260395,0.738275,2,92K
PGS001303,East Asian,Train: European-only,1704,115,1589,0.81597,0.81597,1,2K
PGS001303,South Asian,Train: European-only,7831,986,6845,0.79821,0.79821,1,8K
PGS001304,European,Train: European-only,92330,1260,91070,0.613341461748098,0.621275,2,92K
PGS001304,East Asian,Train: European-only,1704,4,1700,0.93529,0.93529,1,2K
PGS001304,South Asian,Train: European-only,7831,3,7828,0.81762,0.81762,1,8K
PGS001306,European,Train: European-only,92330,959,91371,0.6271534825021557,0.63866,2,92K
PGS001306,East Asian,Train: European-only,1704,5,1699,0.8942899999999999,0.89429,1,2K
PGS001306,South Asian,Train: European-only,7831,103,7728,0.67522,0.67522,1,8K
PGS001307,European,Train: European-only,92330,1048,91282,0.6436555140520541,0.647715,2,92K
PGS001307,East Asian,Train: European-only,1704,5,1699,0.8958199999999998,0.89582,1,2K
PGS001307,South Asian,Train: European-only,7831,113,7718,0.66008,0.66008,1,8K
PGS001308,European,Train: European-only,92330,193,92137,0.744730348683767,0.752435,2,92K
PGS001308,East Asian,Train: European-only,1704,4,1700,0.75824,0.75824,1,2K
PGS001308,South Asian,Train: European-only,7831,29,7802,0.8014000000000001,0.8014,1,8K
PGS001309,European,Train: European-only,92330,1752,90578,0.6704877409049713,0.6762900000000001,2,92K
PGS001309,East Asian,Train: European-only,1704,19,1685,0.67331,0.67331,1,2K
PGS001309,South Asian,Train: European-only,7831,197,7634,0.70239,0.70239,1,8K
PGS001310,European,Train: European-only,92330,1700,90630,0.6706073184897002,0.676825,2,92K
PGS001310,East Asian,Train: European-only,1704,18,1686,0.66116,0.66116,1,2K
PGS001310,South Asian,Train: European-only,7831,194,7637,0.70402,0.70402,1,8K
PGS001312,European,Train: European-only,92330,1562,90768,0.6939970994749859,0.69089,2,92K
PGS001312,East Asian,Train: European-only,1704,10,1694,0.88867,0.88867,1,2K
PGS001312,South Asian,Train: European-only,7831,108,7723,0.6849,0.6849,1,8K
PGS001313,European,Train: European-only,92330,2679,89651,0.6727366704602571,0.6704399999999999,2,92K
PGS001313,East Asian,Train: European-only,1704,22,1682,0.72306,0.72306,1,2K
PGS001313,South Asian,Train: European-only,7831,186,7645,0.63418,0.63418,1,8K
PGS001314,European,Train: European-only,92330,3297,89033,0.7648793612819279,0.76911,2,92K
PGS001314,East Asian,Train: European-only,1704,21,1683,0.75783,0.75783,1,2K
PGS001314,South Asian,Train: European-only,7831,492,7339,0.77134,0.77134,1,8K
PGS001315,European,Train: European-only,92330,3693,88637,0.7633725130726944,0.7688349999999999,2,92K
PGS001315,East Asian,Train: European-only,1704,25,1679,0.77737,0.77737,1,2K
PGS001315,South Asian,Train: European-only,7831,568,7263,0.76924,0.76924,1,8K
PGS001316,European,Train: European-only,92330,3662,88668,0.7645026399275581,0.76981,2,92K
PGS001316,East Asian,Train: European-only,1704,25,1679,0.77563,0.77563,1,2K
PGS001316,South Asian,Train: European-only,7831,567,7264,0.76882,0.76882,1,8K
PGS001317,European,Train: European-only,67545,2076,65469,0.8225591300642738,0.82335,2,68K
PGS001317,East Asian,Train: European-only,1308,11,1297,0.7888799999999999,0.78888,1,1K
PGS001317,South Asian,Train: European-only,5342,299,5043,0.82696,0.82696,1,5K
PGS001318,European,Train: European-only,92330,18418,73912,0.7369079228298628,0.739175,2,92K
PGS001318,East Asian,Train: European-only,1704,243,1461,0.72108,0.72108,1,2K
PGS001318,South Asian,Train: European-only,7831,2630,5201,0.7175000000000001,0.7175,1,8K
PGS001320,European,Train: European-only,92330,30530,61800,0.7220408165561073,0.72495,2,92K
PGS001320,East Asian,Train: European-only,1704,446,1258,0.75955,0.75955,1,2K
PGS001320,South Asian,Train: European-only,7831,3161,4670,0.7344399999999999,0.73444,1,8K
PGS001321,European,Train: European-only,32511,1427,31084,0.7320853514467002,0.739055,2,33K
PGS001321,East Asian,Train: European-only,715,23,692,0.71808,0.71808,1,715
PGS001321,South Asian,Train: European-only,3441,178,3263,0.7617,0.7617,1,3K
PGS001322,European,Train: European-only,92330,1804,90526,0.7123043537476347,0.718985,2,92K
PGS001322,East Asian,Train: European-only,1704,28,1676,0.70681,0.70681,1,2K
PGS001322,South Asian,Train: European-only,7831,218,7613,0.7491799999999998,0.74918,1,8K
PGS001323,European,Train: European-only,92330,2527,89803,0.7099201270089751,0.7155050000000001,2,92K
PGS001323,East Asian,Train: European-only,1704,34,1670,0.70826,0.70826,1,2K
PGS001323,South Asian,Train: European-only,7831,261,7570,0.73399,0.73399,1,8K
PGS001324,European,Train: European-only,92330,54385,37945,0.5853543308362184,0.5843750000000001,2,92K
PGS001324,East Asian,Train: European-only,1704,1063,641,0.58604,0.58604,1,2K
PGS001324,South Asian,Train: European-only,7831,5302,2529,0.59484,0.59484,1,8K
PGS001326,European,Train: European-only,92330,578,91752,0.7431140362036015,0.757335,2,92K
PGS001326,East Asian,Train: European-only,1704,2,1702,0.98854,0.98854,1,2K
PGS001326,South Asian,Train: European-only,7831,11,7820,0.78275,0.78275,1,8K
PGS001327,European,Train: European-only,92330,6111,86219,0.70004496099539,0.701795,2,92K
PGS001327,East Asian,Train: European-only,1704,132,1572,0.69569,0.69569,1,2K
PGS001327,South Asian,Train: European-only,7831,1878,5953,0.68746,0.68746,1,8K
PGS001328,European,Train: European-only,92330,21652,70678,0.578131861194566,0.5811299999999999,2,92K
PGS001328,East Asian,Train: European-only,1704,612,1092,0.56465,0.56465,1,2K
PGS001328,South Asian,Train: European-only,7831,4226,3605,0.58336,0.58336,1,8K
PGS001329,European,Train: European-only,92330,3863,88467,0.7095501176962079,0.714485,2,92K
PGS001329,East Asian,Train: European-only,1704,85,1619,0.70891,0.70891,1,2K
PGS001329,South Asian,Train: European-only,7831,1284,6547,0.70359,0.70359,1,8K
PGS001330,European,Train: European-only,92330,510,91820,0.5686619972728479,0.580605,2,92K
PGS001330,East Asian,Train: European-only,1704,2,1702,0.86369,0.86369,1,2K
PGS001330,South Asian,Train: European-only,7831,48,7783,0.6993300000000001,0.69933,1,8K
PGS001332,European,Train: European-only,92330,2531,89799,0.737910881227373,0.744355,2,92K
PGS001332,East Asian,Train: European-only,1704,6,1698,0.93404,0.93404,1,2K
PGS001332,South Asian,Train: European-only,7831,130,7701,0.74266,0.74266,1,8K
PGS001333,European,Train: European-only,92330,3527,88803,0.7050211897601201,0.708405,2,92K
PGS001333,East Asian,Train: European-only,1704,17,1687,0.77182,0.77182,1,2K
PGS001333,South Asian,Train: European-only,7831,186,7645,0.71121,0.71121,1,8K
PGS001334,European,Train: European-only,92330,2834,89496,0.7335648231023164,0.74072,2,92K
PGS001334,East Asian,Train: European-only,1704,7,1697,0.92777,0.92777,1,2K
PGS001334,South Asian,Train: European-only,7831,148,7683,0.74851,0.74851,1,8K
PGS001335,European,Train: European-only,89763,24771,64992,0.7164323825105368,0.7192000000000001,2,90K
PGS001335,East Asian,Train: European-only,1636,344,1292,0.76033,0.76033,1,2K
PGS001335,South Asian,Train: European-only,7284,2258,5026,0.72573,0.72573,1,7K
PGS001336,European,Train: European-only,92330,3425,88905,0.8084972230439967,0.80761,2,92K
PGS001336,East Asian,Train: European-only,1704,53,1651,0.7601999999999999,0.7602,1,2K
PGS001336,South Asian,Train: European-only,7831,161,7670,0.8356399999999999,0.83564,1,8K
PGS001337,European,Train: European-only,92330,17033,75297,0.5752965480982658,0.57653,2,92K
PGS001337,East Asian,Train: European-only,1704,205,1499,0.60865,0.60865,1,2K
PGS001337,South Asian,Train: European-only,7831,966,6865,0.60464,0.60464,1,8K
PGS001338,European,Train: European-only,92330,4681,87649,0.885185198121945,0.889985,2,92K
PGS001338,East Asian,Train: European-only,1704,43,1661,0.9455100000000001,0.94551,1,2K
PGS001338,South Asian,Train: European-only,7831,408,7423,0.87601,0.87601,1,8K
PGS001339,European,Train: European-only,92330,4573,87757,0.76672382946683,0.7700899999999999,2,92K
PGS001339,East Asian,Train: European-only,1704,24,1680,0.8246999999999999,0.8247,1,2K
PGS001339,South Asian,Train: European-only,10451,200,7631,0.6012742140528781,0.6499950000000001,2,10K
PGS001339,Middle Eastern or North African,Train: European-only,6816,0,0,0.56,0.56,1,7K
PGS001340,European,Train: European-only,92330,4245,88085,0.7649549353908482,0.7685949999999999,2,92K
PGS001340,East Asian,Train: European-only,1704,24,1680,0.82329,0.82329,1,2K
PGS001340,South Asian,Train: European-only,10451,189,7642,0.5984635749583603,0.64753,2,10K
PGS001340,Middle Eastern or North African,Train: European-only,6816,0,0,0.56,0.56,1,7K
PGS001341,European,Train: European-only,92330,12177,80153,0.6285718367052724,0.6310899999999999,2,92K
PGS001341,East Asian,Train: European-only,1704,166,1538,0.57795,0.57795,1,2K
PGS001341,South Asian,Train: European-only,7831,1171,6660,0.60865,0.60865,1,8K
PGS001343,European,Train: European-only,92330,11990,80340,0.6284862943121562,0.63107,2,92K
PGS001343,East Asian,Train: European-only,1704,165,1539,0.57145,0.57145,1,2K
PGS001343,South Asian,Train: European-only,7831,1164,6667,0.61078,0.61078,1,8K
PGS001344,European,Train: European-only,73793,10741,63052,0.6570046841622719,0.659925,2,74K
PGS001344,East Asian,Train: European-only,1072,135,937,0.61098,0.61098,1,1K
PGS001344,South Asian,Train: European-only,6229,901,5328,0.61016,0.61016,1,6K
PGS001345,European,Train: European-only,23203,3006,20197,0.6006277841176837,0.598865,2,23K
PGS001345,East Asian,Train: European-only,245,29,216,0.67066,0.67066,1,245
PGS001345,South Asian,Train: European-only,707,99,608,0.63251,0.63251,1,707
PGS001346,European,Train: European-only,92330,12170,80160,0.6269445064641093,0.629865,2,92K
PGS001346,East Asian,Train: European-only,1704,166,1538,0.58384,0.58384,1,2K
PGS001346,South Asian,Train: European-only,7831,1196,6635,0.6095,0.6095,1,8K
PGS001347,European,Train: European-only,92330,13830,78500,0.6091882763655463,0.60933,2,92K
PGS001347,East Asian,Train: European-only,1704,129,1575,0.65316,0.65316,1,2K
PGS001347,South Asian,Train: European-only,7831,596,7235,0.58721,0.58721,1,8K
PGS001357,European,Train: European-only,532336,25808,506528,0.7081544427249762,0.6958666666666666,3,532K
PGS001357,East Asian,Train: European-only,2581,281,2300,0.6286253109887567,0.6525,2,3K
PGS001357,South Asian,Train: European-only,7844,1447,6397,0.714353358532235,0.6890000000000001,2,8K
PGS001357,Hispanic or Latin American,Train: European-only,33652,4033,29619,0.761,0.761,1,34K
PGS001357,Middle Eastern or North African,Train: European-only,6677,2466,4211,0.6623866105055619,0.7030000000000001,2,7K
PGS001369,European,Train: European-only,92330,802,91528,0.5727923512361771,0.57131,2,92K
PGS001369,East Asian,Train: European-only,1704,9,1695,0.8493,0.8493,1,2K
PGS001369,South Asian,Train: European-only,7831,37,7794,0.72977,0.72977,1,8K
PGS001390,European,Train: European-only,92330,1645,90685,0.6941723765144139,0.698955,2,92K
PGS001390,East Asian,Train: European-only,1704,24,1680,0.66565,0.66565,1,2K
PGS001390,South Asian,Train: European-only,7831,135,7696,0.70619,0.70619,1,8K
PGS001392,European,Train: European-only,92330,33623,58707,0.5824033622105665,0.583825,2,92K
PGS001392,East Asian,Train: European-only,1704,440,1264,0.585,0.585,1,2K
PGS001392,South Asian,Train: European-only,7831,1740,6091,0.55862,0.55862,1,8K
PGS001516,European,Train: European-only,92330,4591,87739,0.6313635527173859,0.638395,2,92K
PGS001516,East Asian,Train: European-only,1704,54,1650,0.71022,0.71022,1,2K
PGS001516,South Asian,Train: European-only,7831,333,7498,0.70984,0.70984,1,8K
PGS001522,European,Train: European-only,92330,219,92111,0.6129500714962705,0.63806,2,92K
PGS001522,East Asian,Train: European-only,1704,3,1701,0.9318000000000001,0.9318,1,2K
PGS001522,South Asian,Train: European-only,7831,16,7815,0.78586,0.78586,1,8K
PGS001535,European,Train: European-only,92255,32192,60063,0.5936563601685527,0.59412,2,92K
PGS001535,East Asian,Train: European-only,1652,762,890,0.55282,0.55282,1,2K
PGS001535,South Asian,Train: European-only,7396,2556,4840,0.55494,0.55494,1,7K
PGS001536,European,Train: European-only,92330,176,92154,0.6510112781157296,0.666795,2,92K
PGS001536,East Asian,Train: European-only,1704,6,1698,0.8277400000000001,0.82774,1,2K
PGS001536,South Asian,Train: European-only,7831,71,7760,0.64566,0.64566,1,8K
PGS001781,European,Train: European-only,2267844,158065,2109779,0.755254487831303,0.745,8,2M
PGS001781,East Asian,Train: European-only,2581,281,2300,0.6262303320987563,0.6485,2,3K
PGS001781,South Asian,Train: European-only,7844,1447,6397,0.706971889055716,0.6805,2,8K
PGS001781,Hispanic or Latin American,Train: European-only,33652,4033,29619,0.76,0.76,1,34K
PGS001781,Middle Eastern or North African,Train: European-only,6677,2466,4211,0.6616230345640446,0.7055,2,7K
PGS001787,European,Train: Multi incl. EUR,351578,26473,325104,0.64,0.64,1,352K
PGS001787,East Asian,Train: Multi incl. EUR,2633,142,2490,0.679,0.679,1,3K
PGS001787,Middle Eastern or North African,Train: Multi incl. EUR,1529,134,1394,0.689,0.689,1,2K
PGS001818,European,Train: European-only,109021,10069,98952,0.709,0.709,1,109K
PGS001818,East Asian,Train: European-only,2581,281,2300,0.6555297044600065,0.6779999999999999,2,3K
PGS001818,South Asian,Train: European-only,7844,1447,6397,0.7171508013600414,0.7,2,8K
PGS001818,Hispanic or Latin American,Train: European-only,33652,4033,29619,0.7619999999999999,0.762,1,34K
PGS001818,Middle Eastern or North African,Train: European-only,6677,2466,4211,0.6640735127602745,0.7065,2,7K
PGS002026,European,Train: European-only,109021,10069,98952,0.714,0.714,1,109K
PGS002026,East Asian,Train: European-only,2581,281,2300,0.6512366084862559,0.6715,2,3K
PGS002026,South Asian,Train: European-only,7844,1447,6397,0.7166249234539652,0.6950000000000001,2,8K
PGS002026,Hispanic or Latin American,Train: European-only,33652,4033,29619,0.764,0.764,1,34K
PGS002026,Middle Eastern or North African,Train: European-only,6677,2466,4211,0.6639361323093319,0.706,2,7K
PGS002243,European,Train: European-only,354198,21149,333049,0.7212416840525322,0.72,2,354K
PGS002243,East Asian,Train: European-only,2581,281,2300,0.6267271939050065,0.6499999999999999,2,3K
PGS002243,South Asian,Train: European-only,7844,1447,6397,0.7084632630870239,0.6805,2,8K
PGS002243,Hispanic or Latin American,Train: European-only,33652,4033,29619,0.76,0.76,1,34K
PGS002243,Middle Eastern or North African,Train: European-only,6677,2466,4211,0.6625239909565044,0.7035,2,7K
PGS002265,European,Train: European-only,116311,1884,109121,0.5809330517881325,0.5833333333333334,3,116K
PGS002265,African,Train: European-only,5249,56,5193,0.581,0.581,1,5K
PGS002265,East Asian,Train: European-only,6966,96,6870,0.591,0.591,1,7K
PGS002265,Hispanic or Latin American,Train: European-only,6660,70,6590,0.592,0.592,1,7K
PGS002308,European,Train: Multi incl. EUR,54793,8389,46404,0.793,0.793,1,55K
PGS002308,African,Train: Multi incl. EUR,27266,7825,19441,0.7269542514782052,0.7,5,27K
PGS002308,East Asian,Train: Multi incl. EUR,89566,4570,84996,0.7913051260939881,0.7976666666666667,3,90K
PGS002308,Hispanic or Latin American,Train: Multi incl. EUR,2374,868,1506,0.851,0.851,1,2K
PGS002308,Middle Eastern or North African,Train: Multi incl. EUR,6677,2466,4211,0.6703099368187571,0.716,2,7K
PGS002671,European,Train: European-only,109021,10069,98952,0.704,0.704,1,109K
PGS002671,East Asian,Train: European-only,2581,281,2300,0.6305045989100087,0.661,2,3K
PGS002671,South Asian,Train: European-only,7844,1447,6397,0.7108274806261589,0.681,2,8K
PGS002671,Hispanic or Latin American,Train: European-only,33652,4033,29619,0.761,0.761,1,34K
PGS002671,Middle Eastern or North African,Train: European-only,6677,2466,4211,0.6664856541131019,0.71,2,7K
PGS002727,European,Train: Multi incl. EUR,391820,15586,376234,0.66,0.66,1,392K
PGS002727,East Asian,Train: Multi incl. EUR,1671,49,1622,0.73,0.73,1,2K
PGS002727,South Asian,Train: Multi incl. EUR,8736,312,8424,0.65,0.65,1,9K
PGS002727,Hispanic or Latin American,Train: Multi incl. EUR,5225,205,5020,0.6999999999999998,0.7,1,5K
PGS002771,European,Train: European-only,109021,10069,98952,0.735,0.735,1,109K
PGS002771,East Asian,Train: European-only,2581,281,2300,0.6621410019575054,0.681,2,3K
PGS002771,South Asian,Train: European-only,7844,1447,6397,0.7343706104696192,0.712,2,8K
PGS002771,Hispanic or Latin American,Train: European-only,33652,4033,29619,0.7750000000000001,0.775,1,34K
PGS002771,Middle Eastern or North African,Train: European-only,6677,2466,4211,0.6687604150149871,0.7130000000000001,2,7K
PGS002780,European,Train: European-only,114493,10981,103512,0.6863992658334676,0.6445,2,114K
PGS002780,East Asian,Train: European-only,2581,281,2300,0.6321284491825064,0.655,2,3K
PGS002780,South Asian,Train: European-only,7844,1447,6397,0.7070236448678684,0.6895,2,8K
PGS002780,Hispanic or Latin American,Train: European-only,33652,4033,29619,0.756,0.756,1,34K
PGS002780,Middle Eastern or North African,Train: European-only,6677,2466,4211,0.6628754255451942,0.6995,2,7K
PGS003103,European,Train: European-only,138794,14953,115424,0.7064198414449329,0.704,3,139K
PGS003103,East Asian,Train: European-only,2581,281,2300,0.6510328426537562,0.6725,2,3K
PGS003103,South Asian,Train: European-only,7844,1447,6397,0.7219891409931001,0.6985,2,8K
PGS003103,Hispanic or Latin American,Train: European-only,33652,4033,29619,0.77,0.77,1,34K
PGS003103,Middle Eastern or North African,Train: European-only,6677,2466,4211,0.6641725563678146,0.7095,2,7K
PGS003443,European,Train: Multi incl. EUR,109021,10069,98952,0.731,0.731,1,109K
PGS003443,East Asian,Train: Multi incl. EUR,2581,281,2300,0.6749435125125051,0.6930000000000001,2,3K
PGS003443,South Asian,Train: Multi incl. EUR,7844,1447,6397,0.735954637118332,0.7065,2,8K
PGS003443,Hispanic or Latin American,Train: Multi incl. EUR,35136,4432,30704,0.7775318944514671,0.76375,2,35K
PGS003443,Middle Eastern or North African,Train: Multi incl. EUR,6677,2466,4211,0.6635239909565044,0.7045,2,7K
PGS003444,European,Train: Multi excl. EUR,109021,10069,98952,0.731,0.731,1,109K
PGS003444,East Asian,Train: Multi excl. EUR,2581,281,2300,0.6749435125125051,0.6930000000000001,2,3K
PGS003444,South Asian,Train: Multi excl. EUR,7844,1447,6397,0.735954637118332,0.7065,2,8K
PGS003444,Hispanic or Latin American,Train: Multi excl. EUR,35136,4432,30704,0.7775318944514671,0.76375,2,35K
PGS003444,Middle Eastern or North African,Train: Multi excl. EUR,4534,2267,2267,0.649,0.649,1,5K
PGS003445,European,Train: Multi excl. EUR,109021,10069,98952,0.731,0.731,1,109K
PGS003445,East Asian,Train: Multi excl. EUR,2581,281,2300,0.6749435125125051,0.6930000000000001,2,3K
PGS003445,South Asian,Train: Multi excl. EUR,7844,1447,6397,0.735954637118332,0.7065,2,8K
PGS003445,Hispanic or Latin American,Train: Multi excl. EUR,35136,4432,30704,0.7775318944514671,0.76375,2,35K
PGS003850,European,Train: Multi incl. EUR,118756,3651,115105,0.6100000000000001,0.61,1,119K
PGS003850,African,Train: Multi incl. EUR,13823,1954,11869,0.58,0.58,1,14K
PGS003850,Hispanic or Latin American,Train: Multi incl. EUR,10377,1681,8696,0.59,0.59,1,10K
PGS003851,European,Train: European-only,191547,4962,186585,0.6422680485125143,0.646,2,192K
PGS003851,African,Train: European-only,19072,2010,17062,0.5265434168056982,0.5345,2,19K
PGS003851,East Asian,Train: European-only,6966,96,6870,0.601,0.601,1,7K
PGS003851,Hispanic or Latin American,Train: European-only,17037,1751,15286,0.5848435692480277,0.593,2,17K
PGS003852,European,Train: Multi incl. EUR,118756,3651,115105,0.65,0.65,1,119K
PGS003852,African,Train: Multi incl. EUR,13823,1954,11869,0.59,0.59,1,14K
PGS003852,Hispanic or Latin American,Train: Multi incl. EUR,10377,1681,8696,0.62,0.62,1,10K
PGS003860,European,Train: European-only,8926,0,0,0.7804248263499888,0.777,3,9K
PGS003860,East Asian,Train: European-only,978,0,0,0.672,0.672,1,978
PGS003860,South Asian,Train: European-only,4641,0,0,0.706,0.706,1,5K
PGS003867,European,Train: Multi incl. EUR,109021,10069,98952,0.73,0.73,1,109K
PGS003867,East Asian,Train: Multi incl. EUR,1149,205,944,0.635,0.635,1,1K
PGS003867,South Asian,Train: Multi incl. EUR,852,194,658,0.681,0.681,1,852
PGS003867,Hispanic or Latin American,Train: Multi incl. EUR,33652,4033,29619,0.776,0.776,1,34K
PGS003867,Middle Eastern or North African,Train: Multi incl. EUR,9346,2466,4211,0.6914592163796137,0.7204666666666667,3,9K
PGS003982,European,Train: European-only,733821,81487,652334,0.614359059269377,0.6181363775,4,734K
PGS003982,South Asian,Train: European-only,53383,8696,44687,0.5723964746939219,0.5805442999999999,2,53K
PGS003982,Middle Eastern or North African,Train: European-only,6677,2466,4211,0.6621118496036769,0.702,2,7K
PGS003998,European,Train: European-only,733821,81487,652334,0.6027876490097468,0.607148455,4,734K
PGS003998,South Asian,Train: European-only,53383,8696,44687,0.5702469093774121,0.5754786350000001,2,53K
PGS003998,Middle Eastern or North African,Train: European-only,6677,2466,4211,0.660936132309332,0.7030000000000001,2,7K
PGS004014,European,Train: European-only,733821,81487,652334,0.6087834647230024,0.6127696325,4,734K
PGS004014,South Asian,Train: European-only,53383,8696,44687,0.5678046959311998,0.5729668,2,53K
PGS004014,Middle Eastern or North African,Train: European-only,6677,2466,4211,0.6601118496036769,0.7,2,7K
PGS004024,European,Train: European-only,733821,81487,652334,0.6134548986236007,0.6177143275,4,734K
PGS004024,South Asian,Train: European-only,53383,8696,44687,0.574942836851397,0.5810656350000001,2,53K
PGS004024,Middle Eastern or North African,Train: European-only,6677,2466,4211,0.6630735127602745,0.7055,2,7K
PGS004039,European,Train: European-only,733821,81487,652334,0.6180303992332896,0.62277685,4,734K
PGS004039,South Asian,Train: European-only,53383,8696,44687,0.5763329443738526,0.583171815,2,53K
PGS004039,Middle Eastern or North African,Train: European-only,6677,2466,4211,0.6630735127602745,0.7055,2,7K
PGS004052,European,Train: European-only,733821,81487,652334,0.6192779126889059,0.6229964975,4,734K
PGS004052,South Asian,Train: European-only,53383,8696,44687,0.5762318456848425,0.5840175750000001,2,53K
PGS004052,Middle Eastern or North African,Train: European-only,6677,2466,4211,0.6632492300546193,0.7035,2,7K
PGS004068,European,Train: European-only,733821,81487,652334,0.6199289887956606,0.6236066149999999,4,734K
PGS004068,South Asian,Train: European-only,53383,8696,44687,0.5764547321827613,0.584418985,2,53K
PGS004068,Middle Eastern or North African,Train: European-only,6677,2466,4211,0.6633866105055619,0.704,2,7K
PGS004082,European,Train: European-only,733821,81487,652334,0.613079732639108,0.61806015,4,734K
PGS004082,South Asian,Train: European-only,53383,8696,44687,0.5698016402433108,0.5764933649999999,2,53K
PGS004082,Middle Eastern or North African,Train: European-only,6677,2466,4211,0.6612492300546193,0.7015,2,7K
PGS004106,European,Train: European-only,733821,81487,652334,0.5683798892193586,0.5716113025,4,734K
PGS004106,South Asian,Train: European-only,53383,8696,44687,0.5497503014551401,0.5530843999999999,2,53K
PGS004106,Middle Eastern or North African,Train: European-only,6677,2466,4211,0.6597987518583894,0.7015,2,7K
PGS004122,European,Train: European-only,733821,81487,652334,0.5840180345427903,0.5865176025,4,734K
PGS004122,South Asian,Train: European-only,53383,8696,44687,0.5569408564191642,0.5609443000000001,2,53K
PGS004122,Middle Eastern or North African,Train: European-only,6677,2466,4211,0.6601118496036769,0.7,2,7K
PGS004136,European,Train: European-only,733821,81487,652334,0.6141730633070368,0.6182639375,4,734K
PGS004136,South Asian,Train: European-only,53383,8696,44687,0.5754509510330639,0.582642745,2,53K
PGS004136,Middle Eastern or North African,Train: European-only,6677,2466,4211,0.6636613714074469,0.7050000000000001,2,7K
PGS004152,European,Train: European-only,733821,81487,652334,0.6224392180926949,0.626617105,4,734K
PGS004152,South Asian,Train: European-only,53383,8696,44687,0.5790189644039554,0.58693871,2,53K
PGS004152,Middle Eastern or North African,Train: European-only,6677,2466,4211,0.6637987518583894,0.7055,2,7K
PGS004233,European,Train: Multi incl. EUR,22701,0,0,0.754,0.754,1,23K
PGS004233,African,Train: Multi incl. EUR,8822,0,0,0.754,0.754,1,9K
PGS004233,Hispanic or Latin American,Train: Multi incl. EUR,6718,0,0,0.754,0.754,1,7K
PGS004234,European,Train: Multi incl. EUR,22701,0,0,0.763,0.763,1,23K
PGS004234,African,Train: Multi incl. EUR,8822,0,0,0.763,0.763,1,9K
PGS004234,Hispanic or Latin American,Train: Multi incl. EUR,6718,0,0,0.763,0.763,1,7K
PGS004235,European,Train: Multi incl. EUR,22701,0,0,0.757,0.757,1,23K
PGS004235,African,Train: Multi incl. EUR,8822,0,0,0.757,0.757,1,9K
PGS004235,Hispanic or Latin American,Train: Multi incl. EUR,6718,0,0,0.757,0.757,1,7K
PGS004236,European,Train: Multi incl. EUR,22701,0,0,0.7639999999999999,0.764,1,23K
PGS004236,African,Train: Multi incl. EUR,8822,0,0,0.764,0.764,1,9K
PGS004236,Hispanic or Latin American,Train: Multi incl. EUR,6718,0,0,0.7639999999999999,0.764,1,7K
PGS004696,European,Train: Multi incl. EUR,52702,4970,47732,0.774,0.774,1,53K
PGS004696,East Asian,Train: Multi incl. EUR,22751,6321,16430,0.762,0.762,1,23K
PGS004696,South Asian,Train: Multi incl. EUR,9178,517,8661,0.8030000000000002,0.803,1,9K
PGS004696,Hispanic or Latin American,Train: Multi incl. EUR,6138,314,5824,0.706,0.706,1,6K
PGS004697,European,Train: Multi incl. EUR,52702,4970,47732,0.773,0.773,1,53K
PGS004697,East Asian,Train: Multi incl. EUR,22751,6321,16430,0.756,0.756,1,23K
PGS004697,South Asian,Train: Multi incl. EUR,9178,517,8661,0.8030000000000002,0.803,1,9K
PGS004697,Hispanic or Latin American,Train: Multi incl. EUR,6138,314,5824,0.708,0.708,1,6K
PGS004698,European,Train: Multi incl. EUR,52702,4970,47732,0.773,0.773,1,53K
PGS004698,East Asian,Train: Multi incl. EUR,22751,6321,16430,0.748,0.748,1,23K
PGS004698,South Asian,Train: Multi incl. EUR,9178,517,8661,0.786,0.786,1,9K
PGS004698,Hispanic or Latin American,Train: Multi incl. EUR,6138,314,5824,0.699,0.699,1,6K
PGS004859,European,Train: Multi incl. EUR,45090,7474,37616,0.7585487642842496,0.7333333333333334,3,45K
PGS004859,African,Train: Multi incl. EUR,14049,4021,10028,0.7548125268311072,0.73,3,14K
PGS004859,East Asian,Train: Multi incl. EUR,1326,200,1126,0.7949999999999999,0.7949999999999999,2,1K
PGS004859,South Asian,Train: Multi incl. EUR,646,176,470,0.8150000000000001,0.815,2,646
PGS004859,Hispanic or Latin American,Train: Multi incl. EUR,10764,2650,8114,0.795,0.7949999999999999,2,11K
PGS004859,Middle Eastern or North African,Train: Multi incl. EUR,6677,2466,4211,0.6703482736621595,0.7135,2,7K
PGS004863,European,Train: Multi incl. EUR,229265,2923,226342,0.746,0.746,1,229K
PGS004863,East Asian,Train: Multi incl. EUR,3224,1348,1876,0.6476220656095487,0.671,3,3K
PGS004863,South Asian,Train: Multi incl. EUR,718,104,614,0.69,0.69,1,718
PGS004923,European,Train: Multi incl. EUR,354198,21149,333049,0.758460804767685,0.757,2,354K
PGS004923,East Asian,Train: Multi incl. EUR,2581,281,2300,0.6590328426537562,0.6805,2,3K
PGS004923,South Asian,Train: Multi incl. EUR,7844,1447,6397,0.7364051143443875,0.72,2,8K
PGS004923,Hispanic or Latin American,Train: Multi incl. EUR,33652,4033,29619,0.777,0.777,1,34K
PGS005091,European,Train: Multi incl. EUR,162291,26242,136049,0.7865360662993192,0.789,3,162K
PGS005091,East Asian,Train: Multi incl. EUR,7540,1169,6371,0.7963531511223275,0.789,3,8K
PGS005091,South Asian,Train: Multi incl. EUR,3104,390,2714,0.7890099647315753,0.789,3,3K
PGS005091,Hispanic or Latin American,Train: Multi incl. EUR,39194,4090,35104,0.7852250850901492,0.789,3,39K
PGS005091,Middle Eastern or North African,Train: Multi incl. EUR,1736,205,1531,0.7795127500190459,0.7835000000000001,2,2K
PGS005092,European,Train: Multi incl. EUR,162291,26242,136049,0.7863635287823241,0.7893333333333333,3,162K
PGS005092,East Asian,Train: Multi incl. EUR,7540,1169,6371,0.7970332003316883,0.7893333333333333,3,8K
PGS005092,South Asian,Train: Multi incl. EUR,3104,390,2714,0.7891111952528242,0.7893333333333333,3,3K
PGS005092,Hispanic or Latin American,Train: Multi incl. EUR,39194,4090,35104,0.7845334055934952,0.7893333333333333,3,39K
PGS005092,Middle Eastern or North African,Train: Multi incl. EUR,1736,205,1531,0.7784494833574582,0.7835000000000001,2,2K
PGS005237,European,Train: Multi incl. EUR,192610,3729,188881,0.770699487920887,0.734,3,193K
PGS005237,African,Train: Multi incl. EUR,3193,82,3111,0.796,0.796,1,3K
PGS005237,South Asian,Train: Multi incl. EUR,5097,30,5067,0.845,0.845,1,5K
PGS005238,European,Train: Multi incl. EUR,192610,3729,188881,0.7808063171300023,0.7516666666666667,3,193K
PGS005238,African,Train: Multi incl. EUR,3193,82,3111,0.798,0.798,1,3K
PGS005238,South Asian,Train: Multi incl. EUR,5097,30,5067,0.842,0.842,1,5K
PGS005239,European,Train: Multi incl. EUR,192610,3729,188881,0.7725008209256827,0.7386666666666667,3,193K
PGS005239,African,Train: Multi incl. EUR,3193,82,3111,0.8,0.8,1,3K
PGS005239,South Asian,Train: Multi incl. EUR,5097,30,5067,0.834,0.834,1,5K
PGS005240,European,Train: Multi incl. EUR,192610,3729,188881,0.7778484572427193,0.7453333333333333,3,193K
PGS005240,African,Train: Multi incl. EUR,3193,82,3111,0.793,0.793,1,3K
PGS005240,South Asian,Train: Multi incl. EUR,5097,30,5067,0.836,0.836,1,5K
PGS005241,European,Train: Multi incl. EUR,192610,3729,188881,0.7491189864757801,0.7173333333333333,3,193K
PGS005241,African,Train: Multi incl. EUR,3193,82,3111,0.788,0.788,1,3K
PGS005241,South Asian,Train: Multi incl. EUR,5097,30,5067,0.805,0.805,1,5K
PGS005331,European,Train: Multi incl. EUR,213096,8689,25934,0.7118391807437416,0.7179093920519797,3,213K
PGS005331,Hispanic or Latin American,Train: Multi incl. EUR,48886,0,0,0.6833567074418034,0.712,2,49K
PGS005331,Middle Eastern or North African,Train: Multi incl. EUR,7358,0,0,0.6800171242185377,0.6975,2,7K
PGS005335,European,Train: Multi incl. EUR,213096,2724,31899,0.7320331910658977,0.738831169527254,3,213K
PGS005335,Hispanic or Latin American,Train: Multi incl. EUR,48886,0,0,0.7701510043775314,0.787,2,49K
PGS005335,Middle Eastern or North African,Train: Multi incl. EUR,7358,0,0,0.7448649089426475,0.759,2,7K
PGS005345,European,Train: European-only,223305,3453,219852,0.6453338327858628,0.647,3,223K
PGS005345,African,Train: European-only,4427,27,4400,0.6260000000000001,0.626,1,4K
PGS005345,South Asian,Train: European-only,4435,43,4392,0.659,0.659,1,4K
PGS005346,European,Train: European-only,223305,3453,219852,0.6673913286427001,0.6693333333333333,3,223K
PGS005346,African,Train: European-only,4427,27,4400,0.592,0.592,1,4K
PGS005346,South Asian,Train: European-only,4435,43,4392,0.67,0.67,1,4K
PGS005347,European,Train: European-only,223305,3453,219852,0.6625834280625011,0.6656666666666667,3,223K
PGS005347,African,Train: European-only,4427,27,4400,0.598,0.598,1,4K
PGS005347,South Asian,Train: European-only,4435,43,4392,0.678,0.678,1,4K
PGS005348,European,Train: European-only,223305,3453,219852,0.6660831835416378,0.661,3,223K
PGS005348,African,Train: European-only,4427,27,4400,0.611,0.611,1,4K
PGS005348,South Asian,Train: European-only,4435,43,4392,0.657,0.657,1,4K
PGS005349,European,Train: European-only,223305,3453,219852,0.6485546612573655,0.6726666666666666,3,223K
PGS005349,African,Train: European-only,4427,27,4400,0.605,0.605,1,4K
PGS005349,South Asian,Train: European-only,4435,43,4392,0.693,0.693,1,4K
PGS012555,European,Train: Multi incl. EUR,513784,2375,511409,0.8074693867112124,0.80175,4,514K
PGS012555,African,Train: Multi incl. EUR,31635,773,30862,0.7133905606193743,0.711,3,32K
PGS012555,East Asian,Train: Multi incl. EUR,596,293,303,0.81,0.81,1,596
PGS012555,South Asian,Train: Multi incl. EUR,315,30,285,0.736,0.736,1,315
PGS012555,Hispanic or Latin American,Train: Multi incl. EUR,37506,522,36984,0.72,0.72,2,38K
