trait_label,trained_bucket,target_ancestry,pgs_id,eur_auc,eur_lo_mixed,eur_hi_mixed,eur_lo_correct,eur_hi_correct,tgt_auc,tgt_lo_mixed,tgt_hi_mixed,tgt_lo_correct,tgt_hi_correct,any_mixed_bound_outside_0_1,max_abs_bound_error
Coronary heart disease (incident and prevalent),Train: Multi incl. EUR,African,PGS000011,0.75,0.7154721960429873,0.7845278039570127,0.7434703215879584,0.756417926423724,0.7630000000000001,0.6554121830717615,0.8705878169282387,0.7429981121390308,0.7819021359370208,FALSE,0.08868568099121787
Coronary heart disease (incident and prevalent),Train: Multi incl. EUR,Hispanic or Latin American,PGS000011,0.75,0.7154721960429873,0.7845278039570127,0.7434703215879584,0.756417926423724,0.7689999999999999,0.6127862382329405,0.9252137617670593,0.740094446117248,0.7955787498818142,FALSE,0.12963501188524507
Coronary heart disease (incident and prevalent),Train: Multi incl. EUR,African,PGS000013,0.7708460233670892,0.7362532996705988,0.8054387470635795,0.7646783083954705,0.7768992480851987,0.771,0.6618908506476917,0.8801091493523083,0.7511690957175866,0.7896929377140595,FALSE,0.09041621163824887
Coronary heart disease (incident and prevalent),Train: Multi incl. EUR,Hispanic or Latin American,PGS000013,0.7708460233670892,0.7362532996705988,0.8054387470635795,0.7646783083954705,0.7768992480851987,0.7760000000000001,0.6178658944418788,0.9341341055581215,0.747320520273509,0.802285518284014,FALSE,0.13184858727410753
Coronary heart disease (incident and prevalent),Train: Multi incl. EUR,African,PGS000018,0.7733198462100557,0.7386388082420403,0.808000884178071,0.7671828321572798,0.7793416184837326,0.775,0.6650968210538606,0.8849031789461395,0.755258855811658,0.7935839937098786,FALSE,0.09131918523626081
Coronary heart disease (incident and prevalent),Train: Multi incl. EUR,Hispanic or Latin American,PGS000018,0.7733198462100557,0.7386388082420403,0.808000884178071,0.7671828321572798,0.7793416184837326,0.794,0.6304342472458742,0.9575657527541259,0.7659606510133299,0.8194718084477043,FALSE,0.13809394430642163
Breast cancer,Train: Multi incl. EUR,East Asian,PGS000028,0.6299999999999999,0.4578901596384626,0.8021098403615372,0.5890663290521554,0.6691463480406319,0.62,0.16271006626473733,1.0772899337352626,0.5080638736375093,0.7204788619289082,TRUE,0.3568110718063544
Coronary heart disease (incident and prevalent),Train: Multi incl. EUR,African,PGS000200,0.748,0.7135773286782569,0.7824226713217431,0.7414562474318029,0.7544329834141472,0.7630000000000001,0.6554121830717615,0.8705878169282387,0.7429981121390308,0.7819021359370208,FALSE,0.08868568099121787
Coronary heart disease (incident and prevalent),Train: Multi incl. EUR,Hispanic or Latin American,PGS000200,0.748,0.7135773286782569,0.7824226713217431,0.7414562474318029,0.7544329834141472,0.771,0.6142476205401842,0.9277523794598158,0.7421577753955566,0.7974962535382099,FALSE,0.13025612592160596
Type 2 diabetes,Train: European-only,East Asian,PGS000330,0.7259999999999999,0.7034023901597606,0.7485976098402392,0.7214819111728207,0.7304721769557256,0.714,0.43704149416908894,0.9909585058309109,0.6542859829456422,0.7670717107460833,FALSE,0.22388679508482767
Type 2 diabetes,Train: European-only,Hispanic or Latin American,PGS000330,0.7259999999999999,0.7034023901597606,0.7485976098402392,0.7214819111728207,0.7304721769557256,0.768,0.7287035893906241,0.807296410609376,0.7609247203255239,0.7749278258111039,FALSE,0.03236858479827209
Type 2 diabetes,Train: European-only,South Asian,PGS000330,0.7259999999999999,0.7034023901597606,0.7485976098402392,0.7214819111728207,0.7304721769557256,0.724,0.6514664692606297,0.7965335307393703,0.7092732426314571,0.7382560649924618,FALSE,0.05827746574690851
Type 2 diabetes,Train: European-only,East Asian,PGS000713,0.712,0.6876145569615614,0.7363854430384386,0.7069738840732667,0.7169744185860063,0.754,0.45911558694694465,1.0488844130530555,0.6953340440546685,0.8045447670775646,TRUE,0.24433964597549085
Type 2 diabetes,Train: European-only,Hispanic or Latin American,PGS000713,0.712,0.6876145569615614,0.7363854430384386,0.7069738840732667,0.7169744185860063,0.762,0.7233931398602237,0.8006068601397763,0.7549277569564002,0.7689306216937887,FALSE,0.03167623844598766
Type 2 diabetes,Train: European-only,South Asian,PGS000713,0.712,0.6876145569615614,0.7363854430384386,0.7069738840732667,0.7169744185860063,0.721,0.6439707154449443,0.7980292845550556,0.7052444415527902,0.7362283651448179,FALSE,0.06180091941023769
Type 2 diabetes,Train: European-only,East Asian,PGS000729,0.712,0.6876145569615614,0.7363854430384386,0.7069738840732667,0.7169744185860063,0.718,0.4560911537772995,0.9799088462227005,0.6620971013587847,0.7678964605690589,FALSE,0.21201238565364156
Type 2 diabetes,Train: European-only,Hispanic or Latin American,PGS000729,0.712,0.6876145569615614,0.7363854430384386,0.7069738840732667,0.7169744185860063,0.761,0.7225042352971154,0.7994957647028846,0.753928249438063,0.767931076010015,FALSE,0.03156468869286966
Type 2 diabetes,Train: European-only,South Asian,PGS000729,0.712,0.6876145569615614,0.7363854430384386,0.7069738840732667,0.7169744185860063,0.717,0.6454156097787551,0.7885843902212448,0.7022519435309037,0.7312970675218574,FALSE,0.05728732269938741
Type 2 diabetes,Train: European-only,East Asian,PGS000864,0.687,0.6637460512095954,0.7102539487904047,0.6819780686243238,0.6919784468064097,0.7,0.42605356618054,0.9739464338194599,0.6395361391450457,0.7542194472985844,FALSE,0.21972698652087552
Type 2 diabetes,Train: European-only,Hispanic or Latin American,PGS000864,0.687,0.6637460512095954,0.7102539487904047,0.6819780686243238,0.6919784468064097,0.745,0.7081458715272589,0.781854128472741,0.7379356506502315,0.7519379333858288,FALSE,0.029916195086912234
Type 2 diabetes,Train: European-only,South Asian,PGS000864,0.687,0.6637460512095954,0.7102539487904047,0.6819780686243238,0.6919784468064097,0.693,0.6200317415176763,0.7659682584823236,0.6772612660472587,0.7083017880504647,FALSE,0.05766647043185891
Type 2 diabetes,Train: European-only,East Asian,PGS000868,0.696,0.6723671166130103,0.7196328833869896,0.690976625302645,0.7009770544141066,0.727,0.44694252719139194,1.007057472808608,0.6680541122166112,0.7789421165755014,TRUE,0.22811535623310653
Type 2 diabetes,Train: European-only,Hispanic or Latin American,PGS000868,0.696,0.6723671166130103,0.7196328833869896,0.690976625302645,0.7009770544141066,0.758,0.7198312178085251,0.7961687821914749,0.7509297045576799,0.7649324198009015,FALSE,0.03123636239057337
Type 2 diabetes,Train: European-only,South Asian,PGS000868,0.696,0.6723671166130103,0.7196328833869896,0.690976625302645,0.7009770544141066,0.711,0.637950025245736,0.784049974754264,0.6957616632098835,0.7257759163743085,FALSE,0.05827405837995547
Type 2 diabetes,Train: European-only,East Asian,PGS001295,0.6850058613595111,0.6005048196096263,0.769506903109396,0.6664944536536075,0.7029477270461163,0.83509,-0.189015238774915,1.859195238774915,0.6452064779439078,0.933779167659018,TRUE,0.9254160711158971
Type 2 diabetes,Train: European-only,South Asian,PGS001295,0.6850058613595111,0.6005048196096263,0.769506903109396,0.6664944536536075,0.7029477270461163,0.65806,0.48192750538592277,0.8341924946140772,0.6174003023172903,0.6965226479020772,FALSE,0.137669846712
Breast cancer,Train: European-only,East Asian,PGS001336,0.8085258595410928,0.7746269741999352,0.8424247448822504,0.8032229587323013,0.8137189961356351,0.7602,0.5084890473694452,1.0119109526305547,0.7113737500234711,0.8030531912680069,TRUE,0.20885776136254786
Breast cancer,Train: European-only,South Asian,PGS001336,0.8085258595410928,0.7746269741999352,0.8424247448822504,0.8032229587323013,0.8137189961356351,0.83564,0.6691398210872006,1.0021401789127995,0.8114773896121811,0.8572505127913291,TRUE,0.14488966612147036
Incident chronic obstructive pulmonary disease before age 50 years,Train: European-only,African,PGS001800,0.739,0.6271963460899677,0.8508036539100323,0.7168670575110765,0.7599820618870755,0.635,0.46189341494814895,0.8081065850518511,0.5940228863793854,0.6741101821484646,FALSE,0.13399640290338644
Incident chronic obstructive pulmonary disease before age 50 years,Train: European-only,African,PGS001801,0.739,0.6271963460899677,0.8508036539100323,0.7168670575110765,0.7599820618870755,0.635,0.46189341494814895,0.8081065850518511,0.5940228863793854,0.6741101821484646,FALSE,0.13399640290338644
Type 2 diabetes,Train: European-only,East Asian,PGS001818,0.709,0.684763875157125,0.7332361248428749,0.7039744166148847,0.7139749297643393,0.7339999999999999,0.4521340946214066,1.0158659053785932,0.6754954391375741,0.7853091920941939,TRUE,0.2305567132843993
Type 2 diabetes,Train: European-only,Hispanic or Latin American,PGS001818,0.709,0.684763875157125,0.7332361248428749,0.7039744166148847,0.7139749297643393,0.762,0.7233931398602237,0.8006068601397763,0.7549277569564002,0.7689306216937887,FALSE,0.03167623844598766
Type 2 diabetes,Train: European-only,South Asian,PGS001818,0.709,0.684763875157125,0.7332361248428749,0.7039744166148847,0.7139749297643393,0.723,0.6480454852930311,0.7979545147069689,0.7077408736469808,0.7377576352487849,FALSE,0.06019687945818397
Type 2 diabetes,Train: European-only,East Asian,PGS002026,0.714,0.689512785486667,0.738487214513333,0.7089735239501617,0.7189740731512962,0.722,0.4297523080909768,1.014247691909023,0.6597446123354282,0.7767197192712195,TRUE,0.23752797263780356
Type 2 diabetes,Train: European-only,Hispanic or Latin American,PGS002026,0.714,0.689512785486667,0.738487214513333,0.7089735239501617,0.7189740731512962,0.764,0.7251677200439052,0.8028322799560949,0.7569267605269672,0.7709297032351106,FALSE,0.03190257672098429
Type 2 diabetes,Train: European-only,South Asian,PGS002026,0.714,0.689512785486667,0.738487214513333,0.7089735239501617,0.7189740731512962,0.724,0.6488773728675632,0.7991226271324368,0.7087390696289637,0.7387560578589829,FALSE,0.06036656927345385
Apparent Treatment-Resistant Hypertension,Train: Multi incl. EUR,African,PGS002238,0.68,0.6341086629583708,0.7258913370416293,0.6699326510915541,0.6899024187718064,0.666,0.5633868678069016,0.7686131321930985,0.6427994857945601,0.6884240368468435,FALSE,0.08018909534625496
Apparent Treatment-Resistant Hypertension,Train: Multi incl. EUR,African,PGS002239,0.679,0.6282582972781402,0.7297417027218599,0.667841432653722,0.6899577332788519,0.663,0.5639911725642313,0.7620088274357688,0.6405341440974983,0.6847528179204969,FALSE,0.0772560095152719
Epithelial non-mucinous ovarian cancer,Train: European-only,East Asian,PGS002250,0.588,0.4933398276751669,0.6826601723248331,0.564892771759518,0.6107257202520578,0.538,0.4840091841442853,0.5919908158557148,0.5245559418951902,0.5513890193637365,FALSE,0.07193445207277527
Type 2 diabetes,Train: Multi incl. EUR,Hispanic or Latin American,PGS002308,0.7929999999999999,0.7566636010998821,0.8293363989001178,0.7869718277088381,0.7989011796442494,0.8510000000000001,0.7143782096151524,0.9876217903848478,0.8328335851663495,0.8675062926549698,FALSE,0.12011549772987795
Type 2 diabetes,Train: European-only,East Asian,PGS002671,0.7040000000000001,0.6824250930297484,0.7255749069702517,0.6994844354735713,0.7084759916956777,0.737,0.4423336870034506,1.0316663129965493,0.6760696428348885,0.7900289909267534,TRUE,0.24163732206979593
Type 2 diabetes,Train: European-only,Hispanic or Latin American,PGS002671,0.7040000000000001,0.6824250930297484,0.7255749069702517,0.6994844354735713,0.7084759916956777,0.761,0.7225042352971154,0.7994957647028846,0.753928249438063,0.767931076010015,FALSE,0.03156468869286966
Type 2 diabetes,Train: European-only,South Asian,PGS002671,0.7040000000000001,0.6824250930297484,0.7255749069702517,0.6994844354735713,0.7084759916956777,0.721,0.646377227286,0.795622772714,0.7057444473202843,0.7357607641883945,FALSE,0.059862008525605415
Type 2 diabetes,Train: European-only,East Asian,PGS002771,0.7349999999999999,0.7093270099806871,0.7606729900193127,0.7299694697116795,0.7399701976835537,0.728,0.4472749081485654,1.0087250918514346,0.6690239604348228,0.7799240919927126,TRUE,0.22880099985872193
Type 2 diabetes,Train: European-only,Hispanic or Latin American,PGS002771,0.7349999999999999,0.7093270099806871,0.7606729900193127,0.7299694697116795,0.7399701976835537,0.775,0.7376567906138142,0.8123432093861859,0.7684214850452694,0.7814447892017327,FALSE,0.030898420184453212
Type 2 diabetes,Train: European-only,South Asian,PGS002771,0.7349999999999999,0.7093270099806871,0.7606729900193127,0.7299694697116795,0.7399701976835537,0.742,0.6660985859018942,0.8179014140981058,0.727205083909087,0.756261460512937,FALSE,0.06163995358516883
Type 2 diabetes,Train: European-only,East Asian,PGS002780,0.6940000000000001,0.6704539406747451,0.7175460593252551,0.6889769517668255,0.6989773690822353,0.712,0.43120877981002087,0.9927912201899791,0.651201837192674,0.7660085313835506,FALSE,0.2267826888064285
Type 2 diabetes,Train: European-only,Hispanic or Latin American,PGS002780,0.6940000000000001,0.6704539406747451,0.7175460593252551,0.6889769517668255,0.6989773690822353,0.756,0.7180440771180548,0.7939559228819452,0.7489306565217875,0.7629333000959501,FALSE,0.031022622785995102
Type 2 diabetes,Train: European-only,South Asian,PGS002780,0.6940000000000001,0.6704539406747451,0.7175460593252551,0.6889769517668255,0.6989773690822353,0.713,0.6371185871292727,0.7888814128707272,0.6972249105921497,0.7282734997603971,FALSE,0.06060791311033009
Epithelial non-mucinous ovarian cancer,Train: European-only,East Asian,PGS003394,0.595,0.49973742870592713,0.6902625712940728,0.5718521176943767,0.6177329768107886,0.542,0.4879450409203008,0.5960549590796993,0.5285543612176374,0.5553847403780907,FALSE,0.07252959448328411
Type 2 diabetes,Train: Multi incl. EUR,East Asian,PGS003443,0.7310000000000001,0.705570446427083,0.7564295535729172,0.725970283359355,0.7359709734834933,0.738,0.4586259941163977,1.0173740058836023,0.6805336483932264,0.7883441834024904,TRUE,0.22902982248111192
Type 2 diabetes,Train: Multi incl. EUR,Hispanic or Latin American,PGS003443,0.7310000000000001,0.705570446427083,0.7564295535729172,0.725970283359355,0.7359709734834933,0.78,0.7421741268493321,0.8178258731506679,0.773440387814946,0.786422135710634,FALSE,0.031403737440033885
Type 2 diabetes,Train: Multi incl. EUR,South Asian,PGS003443,0.7310000000000001,0.705570446427083,0.7564295535729172,0.725970283359355,0.7359709734834933,0.746,0.6693118637601397,0.8226881362398603,0.7311968130748969,0.7602552596568575,FALSE,0.06243287658300278
Colorectal cancer,Train: Multi incl. EUR,African,PGS003850,0.61,0.5679584413947292,0.6520415586052708,0.5999533314119376,0.6199541868245492,0.58,0.5185983398077383,0.6414016601922616,0.5649734639818013,0.5948796788554658,FALSE,0.04652198133679586
Colorectal cancer,Train: Multi incl. EUR,Hispanic or Latin American,PGS003850,0.61,0.5679584413947292,0.6520415586052708,0.5999533314119376,0.6199541868245492,0.59,0.5281930220164116,0.6518069779835883,0.5749700704700287,0.6048636953306843,FALSE,0.04694328265290404
Colorectal cancer,Train: European-only,African,PGS003851,0.6453262112082871,0.6005736326747962,0.690078789741778,0.6350179059852346,0.6555013202152782,0.5382772245470867,0.3229270217806581,0.7536274273135153,0.4845196626658371,0.5911591378302532,FALSE,0.16246828948326208
Colorectal cancer,Train: European-only,East Asian,PGS003851,0.6453262112082871,0.6005736326747962,0.690078789741778,0.6350179059852346,0.6555013202152782,0.601,0.33656133978340796,0.865438660216592,0.5362350790868885,0.662414387405723,FALSE,0.203024272810869
Colorectal cancer,Train: European-only,Hispanic or Latin American,PGS003851,0.6453262112082871,0.6005736326747962,0.690078789741778,0.6350179059852346,0.6555013202152782,0.5946089262242725,0.40149047920012243,0.7877273732484227,0.547341082800041,0.6401856835705992,FALSE,0.14754168967782344
Colorectal cancer,Train: Multi incl. EUR,African,PGS003852,0.65,0.6060349637466489,0.6939650362533512,0.6399331875663794,0.6599349270961022,0.59,0.5072694670486613,0.6727305329513387,0.5698489364236012,0.6098533704168061,FALSE,0.06287716253453257
Colorectal cancer,Train: Multi incl. EUR,Hispanic or Latin American,PGS003852,0.65,0.6060349637466489,0.6939650362533512,0.6399331875663794,0.6599349270961022,0.62,0.556624147180428,0.683375852819572,0.6049592968994835,0.6348137330222169,FALSE,0.04856211979735514
Type 2 diabetes,Train: Multi incl. EUR,Hispanic or Latin American,PGS003867,0.7299999999999999,0.7046299419807445,0.7553700580192553,0.7249704835292695,0.7349711644935536,0.7760000000000001,0.7357189582667535,0.8162810417332468,0.7689204379189964,0.7829238987074219,FALSE,0.03335714302582493
Type 2 diabetes,Train: Multi incl. EUR,Middle Eastern or North African,PGS003867,0.7299999999999999,0.7046299419807445,0.7553700580192553,0.7249704835292695,0.7349711644935536,0.7383999999999998,0.6399049223177092,0.8368950776822904,0.7189327762294498,0.7569746747889252,FALSE,0.07992040289336522
Breast cancer,Train: European-only,South Asian,PGS003983,0.6463816592549446,0.6305859212665291,0.6621773972433601,0.642762897274841,0.6499837255373265,0.6102149570101991,0.49175397349845207,0.7286759405219462,0.5816997353358512,0.6379960229918558,FALSE,0.09067991753009041
Stroke excluding subarachnoid hemorrhage,Train: Multi incl. EUR,South Asian,PGS003984,0.5391736537013785,0.527163122956595,0.551184184446162,0.5361880832667424,0.5421564160908287,0.5319041362310171,0.44001043403498585,0.6237978384270483,0.5089731524363531,0.5547011494406381,FALSE,0.06909668898641019
Breast cancer,Train: European-only,South Asian,PGS003999,0.6472870008543842,0.6315264023746859,0.6630475993340824,0.6436804558252526,0.6508768410351964,0.6204964523215648,0.49751470947751736,0.7434781951656122,0.5911385794253905,0.6489979934742354,FALSE,0.09448020169137683
Stroke excluding subarachnoid hemorrhage,Train: Multi incl. EUR,South Asian,PGS004000,0.5319858957582397,0.5199435279381533,0.5440282635783261,0.5289865052441621,0.5349829765439051,0.5130099989925749,0.425701101510085,0.6003188964750649,0.4911866248620117,0.5347838829257444,FALSE,0.06553501354932045
Stroke excluding subarachnoid hemorrhage,Train: Multi incl. EUR,South Asian,PGS004015,0.5363805942966962,0.5243288074688722,0.5484323811245201,0.5333823203974912,0.5393762401865826,0.5416046070875377,0.4548554469422811,0.6283537672327942,0.5200030564006412,0.5630508884177239,FALSE,0.06530287881507035
Breast cancer,Train: European-only,South Asian,PGS004025,0.6542117922695923,0.6383959108452744,0.6700276736939101,0.6506252710211382,0.6577808614295976,0.6186141747828695,0.4964974444201047,0.7407309051456343,0.5894164445278949,0.6469791566981018,FALSE,0.09375174844753253
Breast cancer,Train: European-only,South Asian,PGS004040,0.6544881893388007,0.6386586193917618,0.6703177592858396,0.6508998946956798,0.6580589769435856,0.6183167669779875,0.49713792468445883,0.7394956092715163,0.5893383966129153,0.6464769154733342,FALSE,0.09301869379818206
Stroke excluding subarachnoid hemorrhage,Train: Multi incl. EUR,South Asian,PGS004041,0.541378765061592,0.5293324354070782,0.5534250947161058,0.5383863529823018,0.5443681954543137,0.5429242467721682,0.4545034294017868,0.6313450641425497,0.5209127536932502,0.5647693948504718,FALSE,0.06657566929207781
Breast cancer,Train: European-only,South Asian,PGS004053,0.6480851940790464,0.6323550467248126,0.6638153414332802,0.6444893050518381,0.6516643698411535,0.6130561646447642,0.49217290570091954,0.7339394235886089,0.5840189540257941,0.6413113354218367,FALSE,0.09262808816677215
Stroke excluding subarachnoid hemorrhage,Train: Multi incl. EUR,South Asian,PGS004054,0.542939116366216,0.5309099442814025,0.5549682884510294,0.5399524957026193,0.5459226533491098,0.5383003506201426,0.4500544948576529,0.6265462063826323,0.5163082759391219,0.5601443620996679,FALSE,0.06640184428296436
Breast cancer,Train: European-only,South Asian,PGS004069,0.6506926705143116,0.6349055775062992,0.666479763522324,0.6470959130244941,0.6542723556075102,0.6172405064731935,0.49849012847563734,0.7359908844707497,0.5888229229183461,0.6448785791301691,FALSE,0.09111230534058057
Stroke excluding subarachnoid hemorrhage,Train: Multi incl. EUR,South Asian,PGS004070,0.5434887840066052,0.5314578771928123,0.555519690820398,0.5405022845062506,0.54647216004899,0.5393056926093038,0.4505540305748321,0.6280573546437755,0.5171922648351278,0.5612654742332671,FALSE,0.06679188041050843
Breast cancer,Train: European-only,South Asian,PGS004083,0.6501440711893776,0.6343252333140853,0.6659629090646698,0.6465374787859349,0.6537335724731368,0.6208692593883886,0.500298207933921,0.7414403108428561,0.5921035925888587,0.6488095313016486,FALSE,0.09263077954120746
Stroke excluding subarachnoid hemorrhage,Train: Multi incl. EUR,South Asian,PGS004098,0.5380748011037313,0.5260402218307253,0.5501093803767373,0.5350822675966607,0.5410645934571543,0.5482663276699838,0.4590912414496982,0.6374414138902694,0.5260995803062145,0.5702431999102267,FALSE,0.06719821398004278
Type 2 diabetes,Train: European-only,South Asian,PGS004106,0.5683789866480483,0.5598078308810811,0.5769501424150155,0.5662750535303969,0.5704804550498568,0.5497141687800193,0.5230819899994513,0.5763463475605873,0.5431135964706852,0.556297286959197,FALSE,0.020049060601390334
Breast cancer,Train: European-only,South Asian,PGS004107,0.61644140593879,0.6009089613068318,0.6319738505707483,0.6127623128871454,0.6201072151226933,0.5933445480927249,0.4777254247594307,0.708963671426019,0.5651745317379042,0.620913673737691,FALSE,0.088049997688328
Stroke excluding subarachnoid hemorrhage,Train: Multi incl. EUR,South Asian,PGS004108,0.5189563336386053,0.5069273193068095,0.5309853479704011,0.5159527539158383,0.5219585439015638,0.5070293294876077,0.4157386398527658,0.5983200191224496,0.4842123701207109,0.5298170440802692,FALSE,0.06850297504218039
Seropositive RA,Train: Multi incl. EUR,South Asian,PGS004118,0.589897193211258,0.5692482191921977,0.6105461672303183,0.5848927125753997,0.5948831294469709,0.6537917400000001,0.3789954900994865,0.9285879899005136,0.5892708932390281,0.7131115936247157,FALSE,0.21547639627579795
Breast cancer,Train: European-only,South Asian,PGS004123,0.6244108881015868,0.6088286459550283,0.6399931302481454,0.6207494866743088,0.6280581212922028,0.6013674235889979,0.48533076996667124,0.7174040772113245,0.573251408179527,0.6288304323438348,FALSE,0.08857364486748964
Stroke excluding subarachnoid hemorrhage,Train: Multi incl. EUR,South Asian,PGS004124,0.5268880662007275,0.5148939346082898,0.5388821977931652,0.5238972760046372,0.5298769279881255,0.5366013053049042,0.4469729681821076,0.62622964242770085,0.514255944651219,0.5588006342208941,FALSE,0.06742900820680675
Seropositive RA,Train: Multi incl. EUR,South Asian,PGS004133,0.594525946615601,0.5739179846303097,0.6151339086008922,0.5895485717345458,0.5994839681573703,0.62630388,0.340502021052154,0.9121057389478461,0.5573936311640251,0.6904437293395276,FALSE,0.2216620096083185
Breast cancer,Train: European-only,South Asian,PGS004153,0.6582519390211554,0.6423849197925517,0.6741189582497591,0.6546736427250093,0.6618123105942924,0.630220039956027,0.5083625620861325,0.7520775178259216,0.6014003742914316,0.6581404503826064,FALSE,0.0939370674433152
Stroke excluding subarachnoid hemorrhage,Train: Multi incl. EUR,South Asian,PGS004154,0.5439222806620223,0.5318863045417963,0.5559582567822483,0.5409349628616057,0.5469064416930655,0.5329968883628509,0.44410712813332875,0.621886648592373,0.5108207865096863,0.555043366945882,FALSE,0.066843281646491
Incident coronary heart disease,Train: Multi incl. EUR,East Asian,PGS004696,0.774,0.7291358647423334,0.8188641352576667,0.7660558629762767,0.781751229797029,0.762,0.7208031204530378,0.8031968795469622,0.7544482563727573,0.7693904862435694,FALSE,0.03711290546063761
Incident coronary heart disease,Train: Multi incl. EUR,Hispanic or Latin American,PGS004696,0.774,0.7291358647423334,0.8188641352576667,0.7660558629762767,0.781751229797029,0.706,0.5475129427067038,0.8644870572932961,0.6720669325934672,0.73779174218546,FALSE,0.12669531510783616
Incident coronary heart disease,Train: Multi incl. EUR,South Asian,PGS004696,0.774,0.7291358647423334,0.8188641352576667,0.7660558629762767,0.781751229797029,0.803,0.6567690941313603,0.9492309058686398,0.7788401494360807,0.8251132302329542,FALSE,0.12411767563568554
Incident coronary heart disease,Train: Multi incl. EUR,East Asian,PGS004697,0.773,0.7282180787953744,0.8177819212046257,0.7650461613201196,0.7807617405264295,0.756,0.7151694209971302,0.7968305790028698,0.7483897380855363,0.7634528348346559,FALSE,0.037020180678196124
Incident coronary heart disease,Train: Multi incl. EUR,Hispanic or Latin American,PGS004697,0.773,0.7282180787953744,0.8177819212046257,0.7650461613201196,0.7807617405264295,0.708,0.5490800341285857,0.8669199658714142,0.674096143023327,0.7397385783057099,FALSE,0.1271813875657043
Incident coronary heart disease,Train: Multi incl. EUR,South Asian,PGS004697,0.773,0.7282180787953744,0.8177819212046257,0.7650461613201196,0.7807617405264295,0.803,0.6567690941313603,0.9492309058686398,0.7788401494360807,0.8251132302329542,FALSE,0.12411767563568554
Incident coronary heart disease,Train: Multi incl. EUR,East Asian,PGS004698,0.773,0.7282180787953744,0.8177819212046257,0.7650461613201196,0.7807617405264295,0.748,0.7076336378766633,0.7883663621233367,0.7403152143741555,0.755532468540289,FALSE,0.037020180678196124
Incident coronary heart disease,Train: Multi incl. EUR,Hispanic or Latin American,PGS004698,0.773,0.7282180787953744,0.8177819212046257,0.7650461613201196,0.7807617405264295,0.699,0.5419895474873222,0.8560104525126777,0.6649718219703824,0.7309702769478457,FALSE,0.12504017556483205
Incident coronary heart disease,Train: Multi incl. EUR,South Asian,PGS004698,0.773,0.7282180787953744,0.8177819212046257,0.7650461613201196,0.7807617405264295,0.7859999999999999,0.6449037776288615,0.9270962223711383,0.7613117372584134,0.8087760807087931,FALSE,0.11832014166234517
Type 2 diabetes,Train: Multi incl. EUR,African,PGS004859,0.77,0.7135065683035547,0.8264934316964453,0.759842784191767,0.779852090472768,0.7509633436780165,0.7259250241880648,0.7760016631679683,0.7462513798596705,0.7556164631928479,FALSE,0.046641341223677246
Type 2 diabetes,Train: Multi incl. EUR,East Asian,PGS004859,0.77,0.7135065683035547,0.8264934316964453,0.759842784191767,0.779852090472768,0.84,0.40385041870368954,1.2761495812963104,0.7724291191379594,0.8903555147149196,TRUE,0.3857940665813908
Type 2 diabetes,Train: Multi incl. EUR,Hispanic or Latin American,PGS004859,0.77,0.7135065683035547,0.8264934316964453,0.759842784191767,0.779852090472768,0.84,0.6905287613649196,0.9894712386350804,0.8188768972198446,0.8590835857464325,FALSE,0.13038765288864784
Type 2 diabetes,Train: Multi incl. EUR,South Asian,PGS004859,0.77,0.7135065683035547,0.8264934316964453,0.759842784191767,0.779852090472768,0.8800000000000001,0.13278559816977975,1.6272144018302206,0.7764705882352942,0.9393258426966292,TRUE,0.6878885591335914
Type 2 diabetes,Train: Multi incl. EUR,Hispanic or Latin American,PGS005242,0.761,0.7196937865458714,0.8023062134541287,0.7534064817201958,0.7684315571454976,0.753,0.720735426250161,0.785264573749839,0.7469502205044845,0.7589518196934197,FALSE,0.03387465630863107
Breast Carcinoma,Train: European-only,African,PGS005345,0.6431254708053507,0.6147756687252359,0.6714752728854654,0.6365926934313635,0.6496054514248297,0.6231343392565623,0.3123360169919905,0.9339326615211341,0.5478716686356424,0.6928913613264485,FALSE,0.24104130019468561
Breast Carcinoma,Train: European-only,South Asian,PGS005345,0.6431254708053507,0.6147756687252359,0.6714752728854654,0.6365926934313635,0.6496054514248297,0.6472110452062109,0.4121997584069214,0.8822223320055003,0.5918917072392451,0.6988470650885001,FALSE,0.18337526691700012
Breast Carcinoma,Train: European-only,African,PGS005346,0.6653082947410959,0.6367390515678325,0.6938775379143592,0.658916940921984,0.6716395670819311,0.5908873940736722,0.27279789250412073,0.9089768956432236,0.5123838480378433,0.6650151527996567,FALSE,0.24396174284356686
Breast Carcinoma,Train: European-only,South Asian,PGS005346,0.6653082947410959,0.6367390515678325,0.6938775379143592,0.658916940921984,0.6716395670819311,0.6563579298578553,0.39456711509425746,0.9181487446214532,0.595154332637168,0.7127742908116008,FALSE,0.20537445380985242
Breast Carcinoma,Train: European-only,African,PGS005347,0.6602854337589954,0.6312975825298586,0.6892732849881322,0.65375331705131,0.6667571346653157,0.5946458132667415,0.2701290072911673,0.9191626192423157,0.5146677728663058,0.6698975086407855,FALSE,0.24926511060153023
Breast Carcinoma,Train: European-only,South Asian,PGS005347,0.6602854337589954,0.6312975825298586,0.6892732849881322,0.65375331705131,0.6667571346653157,0.665499896091003,0.39815849262250314,0.9328412995595029,0.603617218385371,0.7221683030935709,FALSE,0.21067299646593196
Breast Carcinoma,Train: European-only,African,PGS005348,0.6639689277892182,0.6354645125973097,0.6924733429811267,0.6575797589139443,0.67029865462603,0.6091889566086616,0.3042240423861029,0.9141538708312202,0.5346790805927965,0.678932259972785,FALSE,0.2352216108584353
Breast Carcinoma,Train: European-only,South Asian,PGS005348,0.6639689277892182,0.6354645125973097,0.6924733429811267,0.6575797589139443,0.67029865462603,0.6479400462460179,0.38665542242513745,0.9092246700668982,0.5863052226905417,0.7050122420792758,FALSE,0.2042124279876224
