trait_label,pgs_id,trained_bucket,metric,target_ancestry,tgt_log,tgt_se,tgt_k,eur_log,eur_se,eur_k,is_pooled,delta,delta_se
Coronary heart disease (incident and prevalent),PGS000011,Train: Multi incl. EUR,OR,African,0.04879016416943205,0.03857932901120497,1,0.2468600779315258,0.013900047266344334,1,FALSE,-0.19806991376209376,0.04100702306875504
Coronary heart disease (incident and prevalent),PGS000011,Train: Multi incl. EUR,OR,Hispanic or Latin American,0.1823215567939546,0.06169277661386794,1,0.2468600779315258,0.013900047266344334,1,FALSE,-0.06453852113757122,0.06323930739923721
Incident coronary heart disease,PGS000011,Train: Multi incl. EUR,HR,African,0.04879016416943205,0.04022802526914149,2,0.19082592099946707,0.012178270452588165,3,TRUE,-0.14203575683003503,0.04203099199722828
Incident coronary heart disease,PGS000011,Train: Multi incl. EUR,HR,Hispanic or Latin American,0.1177731590156262,0.06855605748005372,2,0.19082592099946707,0.012178270452588165,3,TRUE,-0.07305276198384088,0.06962932778955153
Coronary heart disease (incident and prevalent),PGS000013,Train: Multi incl. EUR,OR,African,0.26236426446749106,0.039022792036078356,1,0.5046764422366308,0.013385548628686534,2,FALSE,-0.24231217776913971,0.04125471137193851
Coronary heart disease (incident and prevalent),PGS000013,Train: Multi incl. EUR,OR,Hispanic or Latin American,0.35065687161316933,0.06456393563320457,1,0.5046764422366308,0.013385548628686534,2,FALSE,-0.15401957062346144,0.06593689935490989
Incident coronary heart disease,PGS000013,Train: Multi incl. EUR,HR,African,0.1659803861716074,0.040382328914357606,2,0.39962455813794856,0.015315953630037476,3,TRUE,-0.23364417196634116,0.04318924546857493
Incident coronary heart disease,PGS000013,Train: Multi incl. EUR,HR,Hispanic or Latin American,0.13987587462276546,0.06994425005323036,2,0.39962455813794856,0.015315953630037476,3,TRUE,-0.2597486835151831,0.07160151221242658
Breast cancer,PGS000015,Train: European-only,OR,Hispanic or Latin American,0.30010459245033816,0.09957556798772045,1,0.37843643572024505,0.01747957817264187,1,FALSE,-0.07833184326990689,0.10109811765394366
Coronary heart disease (incident and prevalent),PGS000018,Train: Multi incl. EUR,OR,African,0.3364722366212129,0.03988420163027908,1,0.5446606276165712,0.014314812849311253,2,FALSE,-0.2081883909953583,0.04237526880853457
Coronary heart disease (incident and prevalent),PGS000018,Train: Multi incl. EUR,OR,Hispanic or Latin American,0.6575200029167941,0.07262335955498073,1,0.5446606276165712,0.014314812849311253,2,FALSE,0.11285937530022294,0.07402071480310642
Incident coronary heart disease,PGS000018,Train: Multi incl. EUR,HR,African,0.2309031565204502,0.0419962700698842,2,0.4205554110908451,0.009703290371958113,5,TRUE,-0.1896522545703949,0.04310267443935685
Incident coronary heart disease,PGS000018,Train: Multi incl. EUR,HR,Hispanic or Latin American,0.41537730791109634,0.07848140225901981,2,0.4205554110908451,0.009703290371958113,5,TRUE,-0.005178103179748761,0.07907897536377552
Coronary heart disease (incident and prevalent),PGS000200,Train: Multi incl. EUR,OR,African,0.06765864847381486,0.040426107390758845,1,0.2151113796169455,0.014346866919101049,1,FALSE,-0.14745273114313062,0.042896418838448074
Coronary heart disease (incident and prevalent),PGS000200,Train: Multi incl. EUR,OR,Hispanic or Latin American,0.23901690047049992,0.06054290466994032,1,0.2151113796169455,0.014346866919101049,1,FALSE,0.023905520853554435,0.062219578078510605
Incident coronary heart disease,PGS000200,Train: Multi incl. EUR,HR,African,0.10436001532424286,0.041321057203470526,2,0.1773998300664904,0.013677265456610356,3,TRUE,-0.07303981474224755,0.043525824044848026
Incident coronary heart disease,PGS000200,Train: Multi incl. EUR,HR,Hispanic or Latin American,0.12674625311381846,0.06889267732728568,2,0.1773998300664904,0.013677265456610356,3,TRUE,-0.05065357695267195,0.07023723072339975
Type 2 diabetes,PGS000330,Train: European-only,OR,East Asian,0.3576744442718159,0.12525185753732815,1,0.5822156198526637,0.011403106866812984,1,FALSE,-0.2245411755808478,0.1257698638894354
Type 2 diabetes,PGS000330,Train: European-only,OR,Hispanic or Latin American,0.4574248470388755,0.01771135368157217,1,0.5822156198526637,0.011403106866812984,1,FALSE,-0.1247907728137882,0.02106473107945358
Type 2 diabetes,PGS000330,Train: European-only,OR,South Asian,0.4824261492442928,0.034696876959911895,1,0.5822156198526637,0.011403106866812984,1,FALSE,-0.0997894706083709,0.03652265210779773
Type 2 diabetes,PGS000713,Train: European-only,OR,East Asian,0.6418538861723947,0.12858314713791125,1,0.4885800148186709,0.010923468669114315,1,FALSE,0.15327387135372378,0.12904630136371542
Type 2 diabetes,PGS000713,Train: European-only,OR,Hispanic or Latin American,0.37843643572024505,0.01747957817264187,1,0.4885800148186709,0.010923468669114315,1,FALSE,-0.11014357909842587,0.0206120794889458
Type 2 diabetes,PGS000713,Train: European-only,OR,South Asian,0.4637340162321402,0.03363574773081699,1,0.4885800148186709,0.010923468669114315,1,FALSE,-0.024845998586530693,0.03536503489573116
Type 2 diabetes,PGS000729,Train: European-only,OR,East Asian,0.3364722366212129,0.1256317564024985,1,0.5007752879124892,0.010857044494590766,1,FALSE,-0.16430305129127626,0.12610001440100727
Type 2 diabetes,PGS000729,Train: European-only,OR,Hispanic or Latin American,0.371563556432483,0.019295258725923494,1,0.5007752879124892,0.010857044494590766,1,FALSE,-0.12921173148000614,0.022140063786219098
Type 2 diabetes,PGS000729,Train: European-only,OR,South Asian,0.4382549309311553,0.034503583146930826,1,0.5007752879124892,0.010857044494590766,1,FALSE,-0.06252035698133385,0.03617143438038769
Type 2 diabetes,PGS000805,Train: European-only,OR,East Asian,0.5306282510621704,0.11989888501166725,1,0.4637340162321402,0.011197498356434995,1,FALSE,0.06689423483003015,0.12042062363434002
Type 2 diabetes,PGS000805,Train: European-only,OR,Hispanic or Latin American,0.3987761199573678,0.01877852483246073,1,0.4637340162321402,0.011197498356434995,1,FALSE,-0.06495789627477244,0.021863599070731897
Type 2 diabetes,PGS000805,Train: European-only,OR,South Asian,0.4762341789963717,0.034696876959911895,1,0.4637340162321402,0.011197498356434995,1,FALSE,0.012500162764231493,0.036458980241000014
Type 2 diabetes,PGS000864,Train: European-only,OR,East Asian,0.04879016416943205,0.1183574782626972,1,0.29266961396282004,0.009484439602488279,1,FALSE,-0.243879449793388,0.11873688245561313
Type 2 diabetes,PGS000864,Train: European-only,OR,Hispanic or Latin American,0.01980262729617973,0.017428378565682977,1,0.29266961396282004,0.009484439602488279,1,FALSE,-0.27286698666664033,0.019841949853832558
Type 2 diabetes,PGS000864,Train: European-only,OR,South Asian,0.20701416938432612,0.031022227575200765,1,0.29266961396282004,0.009484439602488279,1,FALSE,-0.08565544457849392,0.03243968554565218
Type 2 diabetes,PGS000868,Train: European-only,OR,East Asian,0.45107561936021673,0.12194790840382648,1,0.3920420877760237,0.010343391427130096,1,FALSE,0.059033531584193055,0.12238577576778635
Type 2 diabetes,PGS000868,Train: European-only,OR,Hispanic or Latin American,0.3220834991691132,0.018493750519937097,1,0.3920420877760237,0.010343391427130096,1,FALSE,-0.06995858860691045,0.021189727570417274
Type 2 diabetes,PGS000868,Train: European-only,OR,South Asian,0.3987761199573678,0.03429343599222957,1,0.3920420877760237,0.010343391427130096,1,FALSE,0.006734032181344107,0.03581934530903622
Type 2 diabetes,PGS001818,Train: European-only,OR,East Asian,0.5538851132264376,0.1250057388102621,1,0.4824261492442928,0.011058785937146345,1,FALSE,0.07145896398214485,0.1254939499812764
Type 2 diabetes,PGS001818,Train: European-only,OR,Hispanic or Latin American,0.37843643572024505,0.01747957817264187,1,0.4824261492442928,0.011058785937146345,1,FALSE,-0.10398971352404773,0.020684109830909424
Type 2 diabetes,PGS001818,Train: European-only,OR,South Asian,0.4762341789963717,0.03321802040778794,1,0.4824261492442928,0.011058785937146345,1,FALSE,-0.006191970247921064,0.03501047880586385
Type 2 diabetes,PGS002026,Train: European-only,OR,East Asian,0.47000362924573563,0.12166430410467075,1,0.5128236264286637,0.012222794820382028,1,FALSE,-0.042819997182928116,0.12227673370880889
Type 2 diabetes,PGS002026,Train: European-only,OR,Hispanic or Latin American,0.3987761199573678,0.01877852483246073,1,0.5128236264286637,0.012222794820382028,1,FALSE,-0.11404750647129597,0.02240601946139702
Type 2 diabetes,PGS002026,Train: European-only,OR,South Asian,0.494696241836107,0.034272462380377185,1,0.5128236264286637,0.012222794820382028,1,FALSE,-0.01812738459255675,0.03638678868539414
Apparent Treatment-Resistant Hypertension,PGS002238,Train: Multi incl. EUR,OR,African,0.04879016416943205,0.05313700081561614,1,0.10436001532424286,0.0251874593585941,1,FALSE,-0.055569851154810807,0.058804327771173615
Apparent Treatment-Resistant Hypertension,PGS002239,Train: Multi incl. EUR,OR,African,0.03922071315328133,0.053646787968459377,1,0.04879016416943205,0.024084103181396622,1,FALSE,-0.00956945101615072,0.0588049477968053
Breast cancer,PGS002242,Train: European-only,OR,African,-0.10536051565782628,0.13471107913277977,1,0.3962831519578886,0.00658962124448311,5,FALSE,-0.5016436676157149,0.13487215409143502
Breast cancer,PGS002242,Train: European-only,OR,East Asian,0.22314355131420976,0.014346866919101049,1,0.3962831519578886,0.00658962124448311,5,FALSE,-0.17313960064367884,0.0157878338773924
Breast cancer,PGS002242,Train: European-only,OR,South Asian,0.3852624007906449,0.08994939248752462,1,0.3962831519578886,0.00658962124448311,5,FALSE,-0.011020751167243714,0.09019044471018255
Epithelial non-mucinous ovarian cancer,PGS002250,Train: European-only,OR,East Asian,0.131028262406404,0.02474292499676265,1,0.3220834991691132,0.03703622700114741,1,FALSE,-0.19105523676270922,0.0445409300293106
Type 2 diabetes,PGS002308,Train: Multi incl. EUR,OR,African,0.498969921380837,0.019448167210689045,5,0.6729444732424258,0.014284252386371165,1,FALSE,-0.17397455186158878,0.02413029370091609
Type 2 diabetes,PGS002308,Train: Multi incl. EUR,OR,East Asian,0.7294772693271945,0.01689969206975257,3,0.6729444732424258,0.014284252386371165,1,FALSE,0.05653279608476869,0.02212779831546754
Type 2 diabetes,PGS002308,Train: Multi incl. EUR,OR,Hispanic or Latin American,0.7323678937132266,0.062410652177340126,1,0.6729444732424258,0.014284252386371165,1,FALSE,0.05942342047080085,0.06402444354649621
Type 2 diabetes,PGS002671,Train: European-only,OR,East Asian,0.5481214085096876,0.12573671507125594,1,0.4382549309311553,0.011485633003559996,1,FALSE,0.1098664775785323,0.1262602125865574
Type 2 diabetes,PGS002671,Train: European-only,OR,Hispanic or Latin American,0.36464311358790924,0.017722544085399868,1,0.4382549309311553,0.011485633003559996,1,FALSE,-0.07361181734324607,0.0211189094025096
Type 2 diabetes,PGS002671,Train: European-only,OR,South Asian,0.4762341789963717,0.03321802040778794,1,0.4382549309311553,0.011485633003559996,1,FALSE,0.03797924806521641,0.035147640679065256
Type 2 diabetes,PGS002771,Train: European-only,OR,East Asian,0.494696241836107,0.13071407862587275,1,0.6348707475791507,0.009980980510085634,2,FALSE,-0.14017450574304374,0.13109458540669616
Type 2 diabetes,PGS002771,Train: European-only,OR,Hispanic or Latin American,0.5306282510621704,0.01801468551376364,1,0.6348707475791507,0.009980980510085634,2,FALSE,-0.10424249651698037,0.020594874753261178
Type 2 diabetes,PGS002771,Train: European-only,OR,South Asian,0.6151856390902335,0.03571766077212077,1,0.6348707475791507,0.009980980510085634,2,FALSE,-0.019685108488917247,0.03708599820653347
Type 2 diabetes,PGS002780,Train: European-only,OR,East Asian,0.36464311358790924,0.1229842689104797,1,0.37843643572024505,0.012275318455152666,1,FALSE,-0.013793322132335806,0.12359536335405384
Type 2 diabetes,PGS002780,Train: European-only,OR,Hispanic or Latin American,0.30010459245033816,0.016950280461263442,1,0.37843643572024505,0.012275318455152666,1,FALSE,-0.07833184326990689,0.02092834085375381
Type 2 diabetes,PGS002780,Train: European-only,OR,South Asian,0.4252677354043441,0.03339427820072832,1,0.37843643572024505,0.012275318455152666,1,FALSE,0.04683129968409905,0.035578944050140816
Type 2 diabetes,PGS003103,Train: European-only,OR,East Asian,0.4762341789963717,0.1266420628351763,1,0.5632449997246778,0.00897952442779655,2,FALSE,-0.08701082072830607,0.1269600092080106
Type 2 diabetes,PGS003103,Train: European-only,OR,Hispanic or Latin American,0.4762341789963717,0.019022626402425625,1,0.5632449997246778,0.00897952442779655,2,FALSE,-0.08701082072830607,0.021035497954544728
Type 2 diabetes,PGS003103,Train: European-only,OR,South Asian,0.5423242908253617,0.0356535567283568,1,0.5632449997246778,0.00897952442779655,2,FALSE,-0.020920708899316076,0.036766941215330265
Epithelial non-mucinous ovarian cancer,PGS003394,Train: European-only,OR,East Asian,0.1570037488096647,0.026187284199000835,1,0.3293037471426003,0.03847522697310807,1,FALSE,-0.1722999983329356,0.04654156147306858
Type 2 diabetes,PGS003443,Train: Multi incl. EUR,OR,East Asian,0.5877866649021191,0.12885075231046061,1,0.62057648772511,0.010973822725431298,1,FALSE,-0.03278982282299092,0.12931721136871482
Type 2 diabetes,PGS003443,Train: Multi incl. EUR,OR,Hispanic or Latin American,0.5709795465857378,0.018691888037328016,1,0.62057648772511,0.010973822725431298,1,FALSE,-0.049596941139372186,0.021675134684914846
Type 2 diabetes,PGS003443,Train: Multi incl. EUR,OR,South Asian,0.6471032420585384,0.036027150215898716,1,0.62057648772511,0.010973822725431298,1,FALSE,0.026526754333428437,0.03766139054639543
Colorectal cancer,PGS003852,Train: Multi incl. EUR,OR,African,0.3293037471426003,0.029396750912649153,1,0.5128236264286637,0.022860244563695672,1,FALSE,-0.18351987928606345,0.037239223216016686
Colorectal cancer,PGS003852,Train: Multi incl. EUR,OR,Hispanic or Latin American,0.4824261492442928,0.034696876959911895,1,0.5128236264286637,0.022860244563695672,1,FALSE,-0.03039747718437097,0.041550740694760696
Type 2 diabetes,PGS003867,Train: Multi incl. EUR,OR,Hispanic or Latin American,0.5423242908253617,0.019346448059057306,1,0.6097655716208943,0.011093140800953749,1,FALSE,-0.06744128079553258,0.022301184393022425
Type 2 diabetes,PGS003867,Train: Multi incl. EUR,OR,Middle Eastern or North African,0.6043159668533296,0.025112263472768497,1,0.6097655716208943,0.011093140800953749,1,FALSE,-0.005449604767564731,0.027453297608038413
Breast cancer,PGS003983,Train: European-only,OR,South Asian,0.4081997939360146,0.05174639123881767,2,0.5339139564235057,0.006913167193394418,4,TRUE,-0.12571416248749112,0.05220613840234318
Stroke excluding subarachnoid hemorrhage,PGS003984,Train: Multi incl. EUR,OR,South Asian,0.11394557043559561,0.039945979718163944,2,0.13800112951010304,0.005307354656291664,4,TRUE,-0.024055559074507432,0.04029701364979328
Breast cancer,PGS003999,Train: European-only,OR,South Asian,0.43550512556200743,0.051453381296033336,2,0.5362032115844269,0.0068929879048989845,4,TRUE,-0.10069808602241942,0.05191304006752135
Stroke excluding subarachnoid hemorrhage,PGS004000,Train: Multi incl. EUR,OR,South Asian,0.04246168393371766,0.03996313114058194,2,0.11238561306378633,0.00530782426973201,4,TRUE,-0.06992392913006867,0.04031407755409649
Stroke excluding subarachnoid hemorrhage,PGS004015,Train: Multi incl. EUR,OR,South Asian,0.12246788052166893,0.0400171823017916,2,0.12854532572200475,0.005310621005199405,4,TRUE,-0.006077445200335818,0.04036802664034604
Breast cancer,PGS004025,Train: European-only,OR,South Asian,0.4263662546386593,0.05157608702799549,2,0.5646008223811413,0.006934397821785395,4,TRUE,-0.138234567742482,0.05204016358804175
Breast cancer,PGS004040,Train: European-only,OR,South Asian,0.4294174888635574,0.05167592065844132,2,0.5650219209588214,0.006932340703785701,4,TRUE,-0.13560443209526402,0.05213883508030158
Stroke excluding subarachnoid hemorrhage,PGS004041,Train: Multi incl. EUR,OR,South Asian,0.1341090466484611,0.040000441849118884,2,0.1454411142514085,0.005309439595983133,4,TRUE,-0.011332067602947388,0.040351276274092435
Breast cancer,PGS004053,Train: European-only,OR,South Asian,0.40783651253503145,0.05140443205767625,2,0.5407141961878381,0.00690621816835303,4,TRUE,-0.13287768365280667,0.05186628466124351
Stroke excluding subarachnoid hemorrhage,PGS004054,Train: Multi incl. EUR,OR,South Asian,0.12894904705184532,0.039932380444489685,2,0.1508103457814706,0.005309941045970423,4,TRUE,-0.021861298729625278,0.04028387371982917
Breast cancer,PGS004069,Train: European-only,OR,South Asian,0.43078037471298164,0.05171482026341443,2,0.5504228544878664,0.006925564224939092,4,TRUE,-0.11964247977488479,0.05217648967409571
Stroke excluding subarachnoid hemorrhage,PGS004070,Train: Multi incl. EUR,OR,South Asian,0.13291300899191147,0.03993483491708655,2,0.15289007997141355,0.0053099788543353324,4,TRUE,-0.019977070979502076,0.04028631176080088
Breast cancer,PGS004083,Train: European-only,OR,South Asian,0.4344594809959422,0.05183631139828318,2,0.5465639697673802,0.006902988546927582,4,TRUE,-0.11210448877143797,0.05229392345443967
Stroke excluding subarachnoid hemorrhage,PGS004098,Train: Multi incl. EUR,OR,South Asian,0.15833387858442932,0.03991974921907506,2,0.1344455835024374,0.0053083705433150385,4,TRUE,0.023888295081991917,0.040271145694392385
Breast cancer,PGS004107,Train: European-only,OR,South Asian,0.32989440470769965,0.05123273113800824,2,0.41589719275667913,0.006783863624840857,4,TRUE,-0.08600278804897948,0.05167991433371265
Stroke excluding subarachnoid hemorrhage,PGS004108,Train: Multi incl. EUR,OR,South Asian,-0.018590724754699074,0.04001836399535144,2,0.06680796125551532,0.0052935791319160255,4,TRUE,-0.08539868601021439,0.040366959718194005
Seropositive RA,PGS004118,Train: Multi incl. EUR,OR,South Asian,0.534013620110786,0.13207997464630775,1,0.32413913121743915,0.008623661623811636,4,FALSE,0.20987448889334687,0.132361199912857
Breast cancer,PGS004123,Train: European-only,OR,South Asian,0.35284901861072676,0.05149209177221341,2,0.4480642400020358,0.006846850623026603,4,TRUE,-0.09521522139130906,0.0519453066073547
Stroke excluding subarachnoid hemorrhage,PGS004124,Train: Multi incl. EUR,OR,South Asian,0.1249507279728867,0.03996085021335811,2,0.09482072707285996,0.0053055189370905635,4,TRUE,0.030130000900026738,0.04031151300765414
Seropositive RA,PGS004133,Train: Multi incl. EUR,OR,South Asian,0.43578284558646346,0.13132391063199828,1,0.3438230633765219,0.008718249184774544,4,FALSE,0.09195978220994155,0.13161298329773127
Breast cancer,PGS004137,Train: European-only,OR,South Asian,0.3827597624830734,0.05215820125287048,2,0.5172600016647263,0.007040079857694599,4,TRUE,-0.13450023918165288,0.05263117595434912
Breast cancer,PGS004153,Train: European-only,OR,South Asian,0.47288358928831303,0.05165388026163214,2,0.5790799531326686,0.006937166053944221,4,TRUE,-0.10619636384435555,0.0521176325147548
Stroke excluding subarachnoid hemorrhage,PGS004154,Train: Multi incl. EUR,OR,South Asian,0.10827235424765308,0.03998443020016898,2,0.15401270753329757,0.0053106490183158755,4,TRUE,-0.04574035328564449,0.04033556311033633
Incident coronary heart disease,PGS004696,Train: Multi incl. EUR,OR,East Asian,0.4637340162321402,0.016049445257798257,1,0.5007752879124892,0.018561059765925574,1,FALSE,-0.03704127168034893,0.024537677818353636
Incident coronary heart disease,PGS004696,Train: Multi incl. EUR,OR,Hispanic or Latin American,0.412109650826833,0.057302024613429585,1,0.5007752879124892,0.018561059765925574,1,FALSE,-0.08866563708565617,0.06023317162853332
Incident coronary heart disease,PGS004696,Train: Multi incl. EUR,OR,South Asian,0.9820784724121582,0.058838447147286976,1,0.5007752879124892,0.018561059765925574,1,FALSE,0.481303184499669,0.06169664336362509
Incident coronary heart disease,PGS004697,Train: Multi incl. EUR,OR,East Asian,0.412109650826833,0.02527829149087525,1,0.4382549309311553,0.016463908453462052,1,FALSE,-0.02614528010432232,0.03016707314708597
Incident coronary heart disease,PGS004697,Train: Multi incl. EUR,OR,Hispanic or Latin American,0.41871033485818504,0.05842057927719586,1,0.4382549309311553,0.016463908453462052,1,FALSE,-0.019544596072970266,0.06069616433224677
Incident coronary heart disease,PGS004697,Train: Multi incl. EUR,OR,South Asian,0.9042181506398859,0.05160714890939822,1,0.4382549309311553,0.016463908453462052,1,FALSE,0.46596321970873056,0.05416971571017132
Type 2 diabetes,PGS004859,Train: Multi incl. EUR,OR,East Asian,0.5877866649021191,0.12885075231046061,1,0.8458682675776092,0.02191063058174228,1,FALSE,-0.2580816026754902,0.13070039060179298
Type 2 diabetes,PGS004859,Train: Multi incl. EUR,OR,Hispanic or Latin American,0.7371640659767196,0.042718021799393165,1,0.8458682675776092,0.02191063058174228,1,FALSE,-0.10870420160088967,0.048009427396533376
Type 2 diabetes,PGS004859,Train: Multi incl. EUR,OR,South Asian,0.8241754429663494,0.16731525147008006,1,0.8458682675776092,0.02191063058174228,1,FALSE,-0.021692824611259875,0.168743797240034
Type 2 diabetes,PGS005021,Train: Multi incl. EUR,OR,African,0.3569748989477304,0.028572718973595618,1,0.24373018492259815,0.014009121835743552,1,FALSE,0.11324471402513223,0.031822252656793136
Type 2 diabetes,PGS005021,Train: Multi incl. EUR,OR,Hispanic or Latin American,0.23822918873225055,0.03218145033849494,1,0.24373018492259815,0.014009121835743552,1,FALSE,-0.005500996190347607,0.035098450685147387
Type 2 diabetes,PGS005022,Train: Multi incl. EUR,OR,African,0.30601302913650447,0.03556620797187376,1,0.554459660786052,0.017600222318099885,1,FALSE,-0.24844663164954756,0.03968277932737471
Type 2 diabetes,PGS005022,Train: Multi incl. EUR,OR,Hispanic or Latin American,0.5452270504833231,0.038411443489636314,1,0.554459660786052,0.017600222318099885,1,FALSE,-0.009232610302728927,0.042251707854287564
Type 2 diabetes,PGS005023,Train: Multi incl. EUR,OR,African,0.19885085874516517,0.025112263472768518,1,0.2941610385494901,0.015234498648373,1,FALSE,-0.09531017980432493,0.029372022841354026
Type 2 diabetes,PGS005023,Train: Multi incl. EUR,OR,Hispanic or Latin American,0.504405055963068,0.043131716847942356,1,0.2941610385494901,0.015234498648373,1,FALSE,0.21024401741357784,0.04574314098658239
Type 2 diabetes,PGS005024,Train: Multi incl. EUR,OR,African,0.42330502623649535,0.026701689429563445,1,0.6004834956965259,0.016826012191785027,1,FALSE,-0.17717846946003057,0.031560971225089995
Type 2 diabetes,PGS005024,Train: Multi incl. EUR,OR,Hispanic or Latin American,0.5670169034157331,0.03328992064524709,1,0.6004834956965259,0.016826012191785027,1,FALSE,-0.03346659228079285,0.03730058314349719
Type 2 diabetes,PGS005025,Train: Multi incl. EUR,OR,African,0.41144717978571177,0.02705601325518478,1,0.530039842689795,0.015010331638503446,1,FALSE,-0.11859266290408321,0.0309408776404709
Type 2 diabetes,PGS005025,Train: Multi incl. EUR,OR,Hispanic or Latin American,0.5080216964332565,0.032217787072523485,1,0.530039842689795,0.015010331638503446,1,FALSE,-0.02201814625653853,0.035542873543768505
Type 2 diabetes,PGS005026,Train: Multi incl. EUR,OR,African,0.4246139269469252,0.031616556436418794,1,0.6502396795486688,0.017324287146992433,1,FALSE,-0.2256257526017436,0.036051873266845676
Type 2 diabetes,PGS005026,Train: Multi incl. EUR,OR,Hispanic or Latin American,0.5469646703818639,0.035446801044352494,1,0.6502396795486688,0.017324287146992433,1,FALSE,-0.10327500916680488,0.03945385443057948
Type 2 diabetes,PGS005027,Train: Multi incl. EUR,OR,African,0.3364722366212129,0.034550502779363314,1,0.21349717426240436,0.016463908453462045,1,FALSE,0.12297506235880853,0.038272673330599354
Type 2 diabetes,PGS005027,Train: Multi incl. EUR,OR,Hispanic or Latin American,0.17395330712343798,0.030046692769485555,1,0.21349717426240436,0.016463908453462045,1,FALSE,-0.039543867138966377,0.03426169913982426
Type 2 diabetes,PGS005028,Train: Multi incl. EUR,OR,African,0.39608794629556743,0.030855257759607804,1,0.6621723762605147,0.015784541764818246,1,FALSE,-0.2660844299649473,0.03465831343468879
Type 2 diabetes,PGS005028,Train: Multi incl. EUR,OR,Hispanic or Latin American,0.6429059641231986,0.036216903385302875,1,0.6621723762605147,0.015784541764818246,1,FALSE,-0.01926641213731617,0.039507162003181835
Type 2 diabetes,PGS005029,Train: Multi incl. EUR,OR,African,0.1906203596086497,0.025320142371260533,1,0.27763173659827955,0.015465464749090538,1,FALSE,-0.08701137698962985,0.02966968502708219
Type 2 diabetes,PGS005029,Train: Multi incl. EUR,OR,Hispanic or Latin American,0.4725005094443228,0.041286486084289274,1,0.27763173659827955,0.015465464749090538,1,FALSE,0.19486877284604326,0.044088031630971844
Type 2 diabetes,PGS005030,Train: Multi incl. EUR,OR,African,0.4101209196443583,0.02705601325518478,1,0.5440669575457926,0.016272892315135217,1,FALSE,-0.13394603790143428,0.0315726919594247
Type 2 diabetes,PGS005030,Train: Multi incl. EUR,OR,Hispanic or Latin American,0.5128236264286637,0.032024934934637005,1,0.5440669575457926,0.016272892315135217,1,FALSE,-0.031243331117128847,0.03592218648506408
Type 2 diabetes,PGS005031,Train: Multi incl. EUR,OR,African,0.4414755456311974,0.027916796185066865,1,0.6113946786876863,0.01798211167207771,1,FALSE,-0.16991913305648887,0.03320698494933916
Type 2 diabetes,PGS005031,Train: Multi incl. EUR,OR,Hispanic or Latin American,0.5458065926612362,0.03248454652464324,1,0.6113946786876863,0.01798211167207771,1,FALSE,-0.06558808602645005,0.03712953141501768
Type 2 diabetes,PGS005032,Train: Multi incl. EUR,OR,African,0.46937843385181716,0.03192937320255255,1,0.6423800635062922,0.017415298757398685,1,FALSE,-0.17300162965447502,0.036370008302409454
Type 2 diabetes,PGS005032,Train: Multi incl. EUR,OR,Hispanic or Latin American,0.5452270504833231,0.03406413077156188,1,0.6423800635062922,0.017415298757398685,1,FALSE,-0.09715301302296908,0.03825777876499786
Type 2 diabetes,PGS005033,Train: Multi incl. EUR,OR,African,0.49103099643781106,0.029678314307181066,1,0.6444820085786643,0.017415298757398685,1,FALSE,-0.15345101214085327,0.03441068105872478
Type 2 diabetes,PGS005033,Train: Multi incl. EUR,OR,Hispanic or Latin American,0.6349882663864131,0.03370356245596316,1,0.6444820085786643,0.017415298757398685,1,FALSE,-0.009493742192251187,0.037937089411715044
Type 2 diabetes,PGS005242,Train: Multi incl. EUR,OR,Hispanic or Latin American,0.62057648772511,0.01646390845346201,1,0.5766133643039938,0.024313821378654336,1,FALSE,0.04396312342111619,0.02936362020591273
