trait_label,trained_bucket,target_ancestry,n_pairs,all_not_pooled,k_eval_eur_min,k_eval_tgt_min,delta_log_ratio,se_log_ratio,tau2,Q_stage2,I2_stage2,lo_log_ratio,hi_log_ratio,sig_log_ratio,model,ratio_of_ratios,ratio_lo,ratio_hi,metrics_used,n_pairs_auc,delta_auc,lo_auc,hi_auc,sig_auc,in_figure1c,direction_agrees,both_significant_same_direction,sig_opposite_direction
Apparent Treatment-Resistant Hypertension,Train: Multi incl. EUR,African,2,TRUE,1,1,-0.03256989359549552,0.04158115814054412,0,0.3059638131521949,0,-0.11406896355096198,0.04892917635997095,FALSE,fixed,0.9679547936261622,0.8921964247271245,1.0501459729458402,OR,2,-0.015007342309641613,-0.03255973764738586,0.002545053028102635,FALSE,TRUE,TRUE,FALSE,FALSE
Breast Carcinoma,Train: European-only,African,NA,NA,NA,NA,NA,NA,NA,NA,NA,NA,NA,NA,NA,NA,NA,NA,NA,4,-0.052769152071433685,-0.09043727389618156,-0.015101030246685812,TRUE,TRUE,NA,NA,NA
Breast Carcinoma,Train: European-only,South Asian,NA,NA,NA,NA,NA,NA,NA,NA,NA,NA,NA,NA,NA,NA,NA,NA,NA,4,-0.003503949061665266,-0.03257661332889683,0.0255687152055663,FALSE,TRUE,NA,FALSE,FALSE
Breast cancer,Train: European-only,East Asian,1,TRUE,5,1,-0.17313960064367884,0.0157878338773924,0,NA,NA,-0.20408375504336795,-0.14219544624398972,TRUE,fixed,0.8410201996879748,0.8153940749611456,0.8674516997402825,OR,1,-0.04832585954109281,-0.09451087690324105,-0.0021408421789445714,TRUE,TRUE,TRUE,TRUE,FALSE
Breast cancer,Train: European-only,South Asian,12,FALSE,4,1,-0.11377941560118898,0.015472894082642059,0,2.5519423176533533,0,-0.1441062880031674,-0.08345254319921055,TRUE,fixed,0.8924547957762977,0.8657957194703508,0.9199347427951664,OR,11,-0.023141716438275492,-0.0315800975457535,-0.014703335330797488,TRUE,TRUE,TRUE,TRUE,FALSE
Breast cancer,Train: Multi incl. EUR,East Asian,NA,NA,NA,NA,NA,NA,NA,NA,NA,NA,NA,NA,NA,NA,NA,NA,NA,1,-0.009999999999999898,-0.12496472994385024,0.10496472994385045,FALSE,TRUE,NA,FALSE,FALSE
Colorectal cancer,Train: European-only,African,NA,NA,NA,NA,NA,NA,NA,NA,NA,NA,NA,NA,NA,NA,NA,NA,NA,1,-0.10704898666120044,-0.16154234893607697,-0.05255562438632392,TRUE,TRUE,NA,NA,NA
Colorectal cancer,Train: European-only,East Asian,NA,NA,NA,NA,NA,NA,NA,NA,NA,NA,NA,NA,NA,NA,NA,NA,NA,1,-0.04432621120828717,-0.10856028678758403,0.019907864371009693,FALSE,TRUE,NA,FALSE,FALSE
Colorectal cancer,Train: European-only,Hispanic or Latin American,NA,NA,NA,NA,NA,NA,NA,NA,NA,NA,NA,NA,NA,NA,NA,NA,NA,1,-0.05071728498401462,-0.09838192405904722,-0.0030526459089820143,TRUE,TRUE,NA,NA,NA
Colorectal cancer,Train: Multi incl. EUR,African,1,TRUE,1,1,-0.18351987928606345,0.037239223216016686,0,NA,NA,-0.25650875678945617,-0.11053100178267075,TRUE,fixed,0.8323353293413173,0.7737482189795606,0.8953585720473493,OR,2,-0.04178303950009832,-0.055804336124979016,-0.02776174287521762,TRUE,TRUE,TRUE,TRUE,FALSE
Colorectal cancer,Train: Multi incl. EUR,Hispanic or Latin American,1,TRUE,1,1,-0.03039747718437097,0.041550740694760696,0,NA,NA,-0.11183692894610194,0.05104197457736,FALSE,fixed,0.970059880239521,0.8941900621275933,1.0523670650189343,OR,2,-0.02500451012139637,-0.03771823304035199,-0.012290787202440749,TRUE,TRUE,TRUE,FALSE,FALSE
Coronary heart disease (incident and prevalent),Train: Multi incl. EUR,African,4,TRUE,1,1,-0.1998758365454578,0.020930827352427097,0,2.59201900944727,0,-0.2409002581562149,-0.15885141493470067,TRUE,fixed,0.8188324158278925,0.7859200115901619,0.8531231109053182,OR,4,0.007348232995708683,-0.002816646557109383,0.01751311254852675,FALSE,TRUE,FALSE,FALSE,FALSE
Coronary heart disease (incident and prevalent),Train: Multi incl. EUR,Hispanic or Latin American,4,TRUE,1,1,-0.026919993233172266,0.032953213231154355,0,8.302745021670999,63.867371668409675,-0.0915082911662348,0.03766830469989027,FALSE,fixed,0.9734391201255926,0.9125537499858057,1.038386747745683,OR,4,0.01696787099233745,0.002908229675318357,0.031027512309356547,TRUE,TRUE,FALSE,FALSE,FALSE
Epithelial non-mucinous ovarian cancer,Train: European-only,East Asian,2,TRUE,1,1,-0.18208937863058317,0.03217922544189892,0,0.08476096456421134,0,-0.24516066049670504,-0.11901809676446129,TRUE,fixed,0.8335268375990061,0.7825787986429447,0.8877917344586673,OR,2,-0.051498874168417884,-0.07029376312197966,-0.03270398521485611,TRUE,TRUE,TRUE,TRUE,FALSE
Incident chronic obstructive pulmonary disease before age 50 years,Train: European-only,African,NA,NA,NA,NA,NA,NA,NA,NA,NA,NA,NA,NA,NA,NA,NA,NA,NA,2,-0.10399999999999998,-0.13620860218689737,-0.07179139781310259,TRUE,TRUE,NA,NA,NA
Incident coronary heart disease,Train: Multi incl. EUR,East Asian,2,TRUE,1,1,-0.032702779456610015,0.019035715641764518,0,0.0785124739806273,0,-0.07001278211446847,0.004607223201248442,FALSE,fixed,0.9678261746659013,0.9323819020175805,1.0046178527720606,OR,3,-0.01795905630370568,-0.02424399829315192,-0.01167411431425944,TRUE,TRUE,TRUE,FALSE,FALSE
Incident coronary heart disease,Train: Multi incl. EUR,Hispanic or Latin American,6,FALSE,1,1,-0.08129113083382047,0.027618362319187746,0,8.392479402838532,40.42285050698029,-0.13542312097942846,-0.027159140688212492,TRUE,fixed,0.9219252515037417,0.8733463023559843,0.9732063524713834,HR+OR,3,-0.06898350648427742,-0.08852802052521641,-0.049438992443338436,TRUE,TRUE,TRUE,TRUE,FALSE
Incident coronary heart disease,Train: Multi incl. EUR,South Asian,2,TRUE,1,1,0.4726408727396763,0.04070626729238725,0,0.034908814427453354,0,0.3928565888465973,0.5524251566327554,TRUE,fixed,1.604225158527374,1.481205952642638,1.7374615290066153,OR,3,0.024168064902884687,0.009956608165773848,0.03837952163999553,TRUE,TRUE,TRUE,TRUE,FALSE
Seropositive RA,Train: Multi incl. EUR,South Asian,2,TRUE,4,1,0.15058291713363336,0.09332784280118277,0,0.39906123941435645,0,-0.03233965475668485,0.3335054890239516,FALSE,fixed,1.162511693244385,0.9681776800714414,1.3958527083894412,OR,2,0.048994498203977804,0.003307551195092219,0.0946814452128634,TRUE,TRUE,TRUE,FALSE,FALSE
Stroke excluding subarachnoid hemorrhage,Train: Multi incl. EUR,South Asian,10,FALSE,4,2,-0.023011547372510984,0.01274984011014765,0,7.4212798574672565,0,-0.04800123398840038,0.001978139243378408,FALSE,fixed,0.9772511990244906,0.9531326109221931,1.0019800970515378,OR,10,-0.0030549829004900705,-0.010118855464311691,0.004008889663331551,FALSE,TRUE,TRUE,FALSE,FALSE
Type 2 diabetes,Train: European-only,East Asian,12,TRUE,1,1,-0.03882813180362307,0.03599992613509334,0,12.722032042197613,13.535825381399905,-0.10938798702840602,0.031731723421159874,FALSE,fixed,0.9619160177113475,0.8963825652137197,1.0322405421942218,OR,11,0.017863765346773107,2.0295432802665617e-4,0.03552457636551956,TRUE,TRUE,FALSE,FALSE,FALSE
Type 2 diabetes,Train: European-only,Hispanic or Latin American,12,TRUE,1,1,-0.1128813928165936,0.006088212426821511,0,82.85990620134575,86.72458067564003,-0.12481428917316376,-0.10094849646002343,TRUE,fixed,0.8932566004826895,0.8826608070329991,0.903979589835873,OR,10,0.05214415483490029,0.04945502928789901,0.05483328038190158,TRUE,TRUE,FALSE,FALSE,TRUE
Type 2 diabetes,Train: European-only,South Asian,12,TRUE,1,1,-0.0201418376251501,0.010296189759701296,0,18.029524083419744,38.98896083388143,-0.04032236955416464,3.8694303864439394e-5,FALSE,fixed,0.9800596541140674,0.9604797598074556,1.0000386950524986,OR,12,-1.4476444030600476e-4,-0.004174780046823115,0.003885251166211106,FALSE,TRUE,TRUE,FALSE,FALSE
Type 2 diabetes,Train: Multi incl. EUR,African,14,TRUE,1,1,-0.12729737163880436,0.008613435103697548,0,145.89031863577551,91.0891962389531,-0.14417970444205155,-0.11041503883555717,TRUE,fixed,0.8804718063193183,0.865732158165077,0.8954624064864447,OR,1,-0.01903665632198348,-0.03008321759438177,-0.007990095049585194,TRUE,TRUE,TRUE,TRUE,FALSE
Type 2 diabetes,Train: Multi incl. EUR,East Asian,3,TRUE,1,1,0.04553679721512998,0.021513306151195833,0,6.010184221024836,66.72314979957525,0.003370717158786146,0.08770287727147381,TRUE,fixed,1.046589515484952,1.0033764044141162,1.0916637157344904,OR,2,0.03561600100220171,-0.004461844902812588,0.075693846907216,FALSE,TRUE,TRUE,FALSE,FALSE
Type 2 diabetes,Train: Multi incl. EUR,Hispanic or Latin American,18,TRUE,1,1,-0.022225320236639985,0.008202019645468399,0,76.00054954928963,77.6317406902765,-0.038301278741758045,-0.006149361731521925,TRUE,fixed,0.978019842560334,0.962422939635494,0.9938695068968453,OR,5,0.0356794827284969,0.030922105789837145,0.040436859667156655,TRUE,TRUE,FALSE,FALSE,TRUE
Type 2 diabetes,Train: Multi incl. EUR,Middle Eastern or North African,1,TRUE,1,1,-0.005449604767564731,0.027453297608038413,0,NA,NA,-0.05925806807932002,0.04835885854419056,FALSE,fixed,0.9945652173913043,0.9424635180208482,1.0495472267423418,OR,1,0.008399999999999963,-0.011271989304842522,0.02807198930484245,FALSE,TRUE,FALSE,FALSE,FALSE
Type 2 diabetes,Train: Multi incl. EUR,South Asian,2,TRUE,1,1,0.024238792364379064,0.03675703836053648,0,0.07778207286297202,0,-0.047805002822272444,0.09628258755103057,FALSE,fixed,1.0245349398032013,0.9533196635980912,1.101070168757244,OR,2,0.018418746160490235,0.0033303122582137093,0.03350718006276676,TRUE,TRUE,TRUE,FALSE,FALSE
Breast cancer,Train: European-only,African,1,TRUE,5,1,-0.5016436676157149,0.13487215409143502,0,NA,NA,-0.7659930896349275,-0.23729424559650225,TRUE,fixed,0.6055345437753419,0.4648720420571914,0.7887591649577008,OR,NA,NA,NA,NA,NA,FALSE,NA,NA,NA
Breast cancer,Train: European-only,Hispanic or Latin American,1,TRUE,1,1,-0.07833184326990689,0.10109811765394366,0,NA,NA,-0.2764841538716365,0.1198204673318227,FALSE,fixed,0.9246575342465755,0.7584456374633762,1.1272944472308901,OR,NA,NA,NA,NA,NA,FALSE,NA,FALSE,FALSE
Incident coronary heart disease,Train: Multi incl. EUR,African,4,FALSE,3,2,-0.15971002559968298,0.021475525545466587,0,7.554898228098059,60.29066296561816,-0.2018020556687975,-0.11761799553056847,TRUE,fixed,0.8523909246801842,0.8172566832600231,0.8890356033294985,HR,NA,NA,NA,NA,NA,FALSE,NA,NA,NA
