trait_label,trained_bucket,target_ancestry,n_pairs,delta_hat,se_hat,all_not_pooled,lo,hi,delta_hat_logit_as_submitted,se_hat_logit_as_submitted,lo_logit_as_submitted,hi_logit_as_submitted,pooled_group,trait_clean
Apparent Treatment-Resistant Hypertension,Train: Multi incl. EUR,African,2,-0.015007342309641613,0.008955303743747065,TRUE,-0.03255973764738586,0.002545053028102635,-0.015010314718264159,0.04034346372139599,-0.09408350361220029,0.06406287417567198,TRUE,"Apparent Treatment-Resistant
Hypertension"
Breast Carcinoma,Train: European-only,African,4,-0.0527691520714337,0.019218429502422384,FALSE,-0.09043727389618157,-0.015101030246685826,-0.053228059744311135,0.0805186493472829,-0.2110446124649856,0.10458849297636333,FALSE,Breast Carcinoma
Breast Carcinoma,Train: European-only,South Asian,4,-0.003503949061665266,0.014832991973077329,FALSE,-0.03257661332889683,0.0255687152055663,-0.003567138072342114,0.06555623567415719,-0.1320573599936902,0.12492308384900598,FALSE,Breast Carcinoma
Breast cancer,Train: European-only,East Asian,1,-0.04832585954109281,0.02356378436844298,TRUE,-0.09451087690324105,-0.0021408421789445714,-0.048325859541092815,0.12958333784355533,-0.30230920171446124,0.20565748263227562,TRUE,Breast cancer
Breast cancer,Train: European-only,South Asian,11,-0.023141716438275492,0.004305296483407145,FALSE,-0.0315800975457535,-0.014703335330797488,-0.02779405917792702,0.019015957907620656,-0.06506533667686351,0.009477218321009468,FALSE,Breast cancer
Breast cancer,Train: Multi incl. EUR,East Asian,1,-0.009999999999999898,0.05865547446114814,TRUE,-0.12496472994385024,0.10496472994385045,-0.0099999999999999,0.24928880548347546,-0.49860605874761177,0.478606058747612,TRUE,Breast cancer
Colorectal cancer,Train: European-only,African,1,-0.10704898666120044,0.02780273585452884,FALSE,-0.16154234893607697,-0.05255562438632392,-0.10704898666120044,0.11221996837829921,-0.3270001246826669,0.11290215136026602,FALSE,Colorectal cancer
Colorectal cancer,Train: European-only,East Asian,1,-0.04432621120828717,0.032772487540457584,TRUE,-0.10856028678758403,0.019907864371009693,-0.04432621120828717,0.1368361243333403,-0.31252501490163415,0.2238725924850598,TRUE,Colorectal cancer
Colorectal cancer,Train: European-only,Hispanic or Latin American,1,-0.05071728498401462,0.02431869340562888,FALSE,-0.09838192405904722,-0.0030526459089820143,-0.05071728498401462,0.10114083713559471,-0.24895332576978024,0.147518755801751,FALSE,Colorectal cancer
Colorectal cancer,Train: Multi incl. EUR,African,2,-0.04178303950009832,0.007153722767796276,TRUE,-0.055804336124979016,-0.02776174287521762,-0.04160535108074762,0.029729804982896235,-0.09987576884722424,0.016665066685729,TRUE,Colorectal cancer
Colorectal cancer,Train: Multi incl. EUR,Hispanic or Latin American,2,-0.02500451012139637,0.006486593325997766,TRUE,-0.03771823304035199,-0.012290787202440749,-0.024843188271789482,0.027387162175100416,-0.0785220261349863,0.02883564959140733,TRUE,Colorectal cancer
Coronary heart disease (incident and prevalent),Train: Multi incl. EUR,African,4,0.007348232995708681,0.0051861630371520745,TRUE,-0.0028166465571093846,0.017513112548526746,0.007563780111226538,0.029056732896376558,-0.04938741636567151,0.06451497658812459,TRUE,"Coronary heart disease (incident and
prevalent)"
Coronary heart disease (incident and prevalent),Train: Multi incl. EUR,Hispanic or Latin American,4,0.01696787099233745,0.007173286386234232,TRUE,0.002908229675318357,0.031027512309356547,0.016938395864147773,0.04140629380852673,-0.0642179400005646,0.09809473172886016,TRUE,"Coronary heart disease (incident and
prevalent)"
Epithelial non-mucinous ovarian cancer,Train: European-only,East Asian,2,-0.051498874168417884,0.00958922905793968,TRUE,-0.07029376312197966,-0.03270398521485611,-0.05149237575176198,0.03941457444727061,-0.12874494166841238,0.02576019016488841,TRUE,Epithelial non-mucinous ovarian cancer
Incident chronic obstructive pulmonary disease before age 50 years,Train: European-only,African,2,-0.10399999999999998,0.01643296029943744,TRUE,-0.13620860218689737,-0.07179139781310259,-0.104,0.07434458415264392,-0.24971538493918205,0.041715384939182074,TRUE,"Incident chronic obstructive pulmonary
disease before age 50 years"
Incident coronary heart disease,Train: Multi incl. EUR,East Asian,3,-0.01795905630370568,0.0032066030558399183,TRUE,-0.02424399829315192,-0.01167411431425944,-0.01804436307383828,0.017850359648146904,-0.05303106798420622,0.016942341836529654,TRUE,Incident coronary heart disease
Incident coronary heart disease,Train: Multi incl. EUR,South Asian,3,0.024168064902884687,0.0072507432332198155,TRUE,0.009956608165773848,0.03837952163999553,0.02375802112902565,0.04455446224353377,-0.06356872486830054,0.11108476712635185,TRUE,Incident coronary heart disease
Incident coronary heart disease,Train: Multi incl. EUR,Hispanic or Latin American,3,-0.06898350648427742,0.009971690837213769,TRUE,-0.08852802052521641,-0.049438992443338436,-0.06903579242057419,0.0484147899197962,-0.16392878066337474,0.025857195822226356,TRUE,Incident coronary heart disease
Seropositive RA,Train: Multi incl. EUR,South Asian,2,0.048994498203977804,0.023309666841268156,TRUE,0.003307551195092219,0.0946814452128634,0.04846294163617168,0.10133879438660916,-0.15016109536158226,0.24708697863392562,TRUE,Seropositive RA
Stroke excluding subarachnoid hemorrhage,Train: Multi incl. EUR,South Asian,10,-0.00305498290049007,0.0036040166141947045,FALSE,-0.010118855464311691,0.004008889663331551,-0.00309586633807853,0.014489621587772908,-0.03149552465011343,0.02530379197395637,FALSE,Stroke excluding subarachnoid hemorrhage
Type 2 diabetes,Train: European-only,East Asian,11,0.017863765346773107,0.009010617866707373,TRUE,2.0295432802665617e-4,0.03552457636551956,0.016134076481443348,0.0453775225213786,-0.07280586766045871,0.1050740206233454,TRUE,Type 2 diabetes
Type 2 diabetes,Train: European-only,South Asian,12,-1.4476444030600506e-4,0.002056130411488322,FALSE,-0.004174780046823115,0.0038852511662111054,-0.0028176985975086823,0.009399297563374185,-0.021240321821722086,0.015604924626704722,FALSE,Type 2 diabetes
Type 2 diabetes,Train: European-only,Hispanic or Latin American,10,0.05214415483490029,0.0013720028301026969,TRUE,0.04945502928789901,0.05483328038190158,0.05243018186949077,0.00726788518460258,0.03818512690766972,0.06667523683131182,TRUE,Type 2 diabetes
Type 2 diabetes,Train: Multi incl. EUR,African,1,-0.01903665632198348,0.005636000649182799,TRUE,-0.03008321759438177,-0.007990095049585194,-0.01903665632198348,0.03152724896087971,-0.0808300642853077,0.04275675164134075,TRUE,Type 2 diabetes
Type 2 diabetes,Train: Multi incl. EUR,East Asian,2,0.03561600100220171,0.020447880563782807,TRUE,-0.004461844902812588,0.075693846907216,0.025219830320565167,0.12066858578383244,-0.2112905978157464,0.26173025845687675,TRUE,Type 2 diabetes
Type 2 diabetes,Train: Multi incl. EUR,South Asian,2,0.018418746160490235,0.007698180562385983,TRUE,0.0033303122582137093,0.03350718006276676,0.016091692820851298,0.04098409073459056,-0.06423712501894621,0.0964205106606488,TRUE,Type 2 diabetes
Type 2 diabetes,Train: Multi incl. EUR,Hispanic or Latin American,5,0.03567948272849689,0.0024272331319692628,TRUE,0.03092210578983714,0.04043685966715665,0.033882313382795064,0.01375502717402476,0.0069224601217065355,0.06084216664388359,TRUE,Type 2 diabetes
Type 2 diabetes,Train: Multi incl. EUR,Middle Eastern or North African,1,0.008399999999999961,0.010036729237164534,TRUE,-0.011271989304842524,0.02807198930484245,0.008399999999999963,0.0518928472897646,-0.09330998068793865,0.11010998068793858,TRUE,Type 2 diabetes
