trait_label,pgs_id,ancestry_display,I2,k_eval,Q,auc_pooled
5-year incident prostate cancer,PGS005237,African,97.11794789012389,2,34.69749893047486,0.6989550793777054
5-year incident prostate cancer,PGS005238,African,96.83728397458316,2,31.618393556791116,0.704328902315798
5-year incident prostate cancer,PGS005239,African,96.8016841964007,2,31.266455891398522,0.7060346349890034
5-year incident prostate cancer,PGS005240,African,97.7754424969494,2,44.95276020640856,0.685249322122636
5-year incident prostate cancer,PGS005241,African,97.16888832176018,2,35.321813960434234,0.6909834740962006
5-year incident prostate cancer,PGS005237,European,98.34762532249444,6,302.5948090385909,0.7324575602306561
5-year incident prostate cancer,PGS005238,European,98.0838625435374,6,260.94161372068515,0.7434179019691003
5-year incident prostate cancer,PGS005239,European,98.26805282005576,6,288.6924068989771,0.7347858496087775
5-year incident prostate cancer,PGS005240,European,98.19881537359473,6,277.5950852955448,0.7395835102933223
5-year incident prostate cancer,PGS005241,European,98.59980587938028,6,357.09334344205524,0.7017724296198147
5-year incident prostate cancer,PGS005237,South Asian,79.29312755929743,2,4.8293145324754345,0.8025237663279019
5-year incident prostate cancer,PGS005238,South Asian,76.91868302112943,2,4.332508413256637,0.7982249449558274
5-year incident prostate cancer,PGS005239,South Asian,82.4709610844161,2,5.704819327607101,0.7796813560881879
5-year incident prostate cancer,PGS005240,South Asian,85.19237203016424,2,6.753276095516946,0.771903183395173
5-year incident prostate cancer,PGS005241,South Asian,90.82309820998556,2,10.896923851665502,0.7223571671949593
AD,PGS003992,European,95.0759739071416,3,40.61716900527221,0.5863064455758409
AD,PGS004008,European,94.99259402142395,3,39.94083979922761,0.6185911076330316
AD,PGS004034,European,95.0713823930161,3,40.579329935557936,0.6276276194228975
AD,PGS004062,European,95.01590831453768,3,40.12767272788391,0.6154791205245895
AD,PGS004092,European,95.52583103810927,3,44.70103871881563,0.6173655871024735
AD,PGS004116,European,92.76994723537352,3,27.662315409164567,0.5647813039486171
AD,PGS004146,European,95.20897778359716,3,41.74474485116507,0.6252347811578675
AD NSTEMI,PGS001048,European,74.37618973999538,2,3.9026202186677432,0.729463295209142
AD all cause dementia,PGS000929,European,0,2,6.820413672539208e-4,0.8154232242621486
AD alzheimer's disease,PGS001348,European,0,2,0.04215988741423114,0.8672864401864716
AD asthma,PGS001343,European,68.95698656024575,2,3.221336749219655,0.6284968538704838
AD chronic obstructive pulmonary disease,PGS001333,European,61.22633585670882,2,2.579070155207462,0.7049183036969064
AD myocardial infarction,PGS001316,European,81.05318831916996,2,5.277932861980034,0.7645022893981266
Abdominal aortic aneurysm,PGS003972,European,82.6928078015155,3,11.555889465277504,0.6654711957186649
Alcohol consumed,PGS001086,European,7.104421104246988,2,1.0764774942865638,0.5713006408701788
Alcohol intake versus 10 years previously (More nowadays),PGS001085,European,0,2,0.234189198172276,0.5769605967815696
Alzheimer's/dementia (FH),PGS001347,European,0,2,0.01045512932329337,0.609190819224204
Angina,PGS001260,European,0,2,0.02860041284258247,0.7419870253920366
Ankylosing spondylitis,PGS001267,European,0,2,0.03240554340833097,0.7416116233553236
Arthritis (nos),PGS001135,European,87.74840801553829,2,8.162204563033658,0.6553668333778456
Aspirin,PGS001112,European,91.35439206986634,2,11.56656660909374,0.6978065166685167
Aspirin use self-reported,PGS001113,European,72.01991692797213,2,3.5739708042529585,0.6875144741194849
Asthma,PGS001341,European,67.86367494973324,2,3.111743481670126,0.6285841041909358
Asthma diagnosed by doctor,PGS001344,European,73.92824060460889,2,3.8355677683063343,0.6569747853528994
"Asthma ever, at age 8 years",PGS000799,European,6.883094854170933,2,1.0739188533316415,0.6657873169441756
"Asthma ever, at age 8 years",PGS000800,European,66.22398363932787,2,2.9606807070486045,0.6595495848987047
Atrial Fibrillation (personal history),PGS000016,European,98.23222145989192,2,56.56817170881975,0.6559406808635172
Atrial fibrillation,PGS001340,European,66.56587366005127,2,2.990955976633823,0.7649292020757061
Atrial flutter,PGS001263,European,80.18039646351234,2,5.045509604463135,0.7681286902079268
Blood clot diagnosed by doctor,PGS000930,European,0,2,0.14709496112782527,0.6228001236917164
Blood clot in the leg (DVT),PGS001265,European,46.512080338988135,2,1.8695810312639896,0.6423847421093002
Blood clot in the leg (DVT) or lung,PGS001278,European,51.83129051142307,2,2.076036519594006,0.6399188504562784
Blood clot in the lung,PGS001279,European,0,2,0.06706126048039725,0.6256884610046745
Blood clot or DVT diagnosed by doctor,PGS000931,European,56.65655992397627,2,2.3071542042948487,0.6334364754947099
Breast Cancer (personal history),PGS000007,European,99.00714016050436,2,100.71915090331234,0.6954076529801605
Breast Carcinoma,PGS005345,African,0,2,0.00441247460679312,0.6231343392565623
Breast Carcinoma,PGS005346,African,0,2,6.415260284199774e-4,0.5908873940736722
Breast Carcinoma,PGS005347,African,0,2,0.00557353730930861,0.5946458132667415
Breast Carcinoma,PGS005348,African,0,2,0.00288849051316582,0.6091889566086616
Breast Carcinoma,PGS005349,African,0,2,0.0589038158386405,0.5928293943618388
Breast Carcinoma,PGS005345,European,0,6,1.063541651621518,0.6431254708053507
Breast Carcinoma,PGS005346,European,0,6,1.7311707417660325,0.6653082947410959
Breast Carcinoma,PGS005347,European,0,6,0.8035258227069381,0.6602854337589954
Breast Carcinoma,PGS005348,European,0,6,1.795748063607601,0.6639689277892182
Breast Carcinoma,PGS005349,European,84.45262319375485,6,32.15976599982819,0.6459980650552845
Breast Carcinoma,PGS005345,South Asian,0,2,0.1921094711767376,0.6472110452062109
Breast Carcinoma,PGS005346,South Asian,0,2,0.21586664211181084,0.6563579298578553
Breast Carcinoma,PGS005347,South Asian,0,2,0.16958098833179147,0.665499896091003
Breast Carcinoma,PGS005348,South Asian,0,2,0.08762107696306443,0.6479400462460179
Breast Carcinoma,PGS005349,South Asian,0,2,0.5898536458706836,0.6698296397097336
Breast cancer,PGS000004,African,37.40828069577125,3,3.1953108529883094,0.5734258512811957
Breast cancer,PGS000029,East Asian,8.691205947960249,2,1.095184763288045,0.6771875660013671
Breast cancer,PGS002294,East Asian,0,2,0.12829958675858338,0.6435294867813774
Breast cancer,PGS000004,European,99.46589010834217,2,187.22738814967389,0.6449766957616456
Breast cancer,PGS000015,European,99.51806012368732,2,207.49476213734073,0.6721453948591416
Breast cancer,PGS001336,European,0,2,0.4393623062734579,0.8085258595410928
Breast cancer,PGS001778,European,95.33612560259984,5,85.76560299800863,0.586867111659497
Breast cancer,PGS003983,European,71.14386542479785,4,10.39640285909286,0.6463816592549446
Breast cancer,PGS003999,European,11.976410904548084,4,3.408177320225865,0.6472870008543842
Breast cancer,PGS004025,European,62.63244236259001,4,8.028354513051166,0.6542117922695923
Breast cancer,PGS004040,European,63.09980065006715,4,8.130037378796597,0.6544881893388007
Breast cancer,PGS004053,European,67.8850591311949,4,9.341446438452124,0.6480851940790464
Breast cancer,PGS004069,European,63.2451941373013,4,8.162197921019644,0.6506926705143116
Breast cancer,PGS004083,European,68.94949186028406,4,9.66167763342582,0.6501440711893776
Breast cancer,PGS004107,European,0,4,0.3008638955645428,0.61644140593879
Breast cancer,PGS004123,European,28.960422681392988,4,4.222998099418908,0.6244108881015868
Breast cancer,PGS004137,European,80.38851447948151,4,15.297158376203864,0.6400910417403131
Breast cancer,PGS004153,European,62.3233965490625,4,7.962501194956712,0.6582519390211554
Breast cancer,PGS000004,Hispanic or Latin American,94.87825042279744,2,19.524578172488233,0.64068540789491
Breast cancer,PGS000317,Hispanic or Latin American,82.1607147230453,2,5.605605743027323,0.6283144619100227
Breast cancer,PGS003983,South Asian,0,2,0.2224376494892309,0.6102149570101991
Breast cancer,PGS003999,South Asian,0,2,0.5168213078865593,0.6204964523215648
Breast cancer,PGS004025,South Asian,0,2,0.9267969344790482,0.6186141747828695
Breast cancer,PGS004040,South Asian,0,2,0.5740366666800232,0.6183167669779875
Breast cancer,PGS004053,South Asian,2.840422230958468,2,1.0292346086323103,0.6130561646447642
Breast cancer,PGS004069,South Asian,0,2,0.18330701153841433,0.6172405064731935
Breast cancer,PGS004083,South Asian,0,2,0.21863425332235792,0.6208692593883886
Breast cancer,PGS004107,South Asian,0,2,0.06892289914490778,0.5933445480927249
Breast cancer,PGS004123,South Asian,0,2,0.9377104242636358,0.6013674235889979
Breast cancer,PGS004137,South Asian,0,2,0.17995340468429183,0.6073817662670552
Breast cancer,PGS004153,South Asian,0,2,0.5307182587786057,0.630220039956027
Breast cancer (FH),PGS001337,European,0,2,0.9242570973155092,0.57527570502019
Cardiovascular disease in patients with type II diabetes Mellitus,PGS004238,East Asian,80.72281395350677,2,5.187479114369566,0.7180389188376207
Cataract,PGS001302,European,94.36694811903132,2,17.752366232920913,0.7437602680376958
Cereal type: Biscuit cereal (e.g. Weetabix),PGS001058,European,96.6431875076459,2,29.790165589461047,0.5580022101404039
"Cereal type: Other (e.g. Cornflakes, Frosties)",PGS001059,European,85.65062143912793,2,6.968942911066567,0.59142988633316
Cervical cancer,PGS001299,European,0,2,0.05413587491646748,0.7697522259789494
Childhood asthma by age 11,PGS002248,European,82.18474650263836,3,11.22633478269726,0.6578298778662982
Childhood asthma by age 8,PGS002248,European,86.54836938522851,3,14.868085938992142,0.6443359834815497
Cholecystitis,PGS000942,European,0,2,0.33864610354846547,0.6447971528212219
Chronic bronchitis/emphysema (FH),PGS001132,European,8.445934970619225,2,1.0922507915722677,0.5846369392259781
Chronic kidney disease or dialysis,PGS003988,European,89.38721199390073,4,28.267784094772026,0.5556342099441548
Chronic kidney disease or dialysis,PGS004004,European,91.83258208152368,4,36.73131496324443,0.5516484787813536
Chronic kidney disease or dialysis,PGS004016,European,91.05074314575184,4,33.522336534300244,0.5568165647488784
Chronic kidney disease or dialysis,PGS004030,European,93.80425869904876,4,48.42035608458026,0.5576523632076666
Chronic kidney disease or dialysis,PGS004045,European,93.41159294456529,4,45.53452715896375,0.5587948641095886
Chronic kidney disease or dialysis,PGS004058,European,93.18755120286777,4,44.037028230771845,0.558818233676632
Chronic kidney disease or dialysis,PGS004074,European,93.48532723274997,4,46.04989547719606,0.5587693701012261
Chronic kidney disease or dialysis,PGS004088,European,91.12195449778328,4,33.79122126881356,0.5561529195718709
Chronic kidney disease or dialysis,PGS004101,European,90.8305072869412,4,32.7171861506311,0.5548507389211098
Chronic kidney disease or dialysis,PGS004112,European,83.15488347890823,4,17.809315811165224,0.5297434434890571
Chronic kidney disease or dialysis,PGS004128,European,86.1543905099851,4,21.6675185167076,0.5496319031255255
Chronic kidney disease or dialysis,PGS004142,European,93.51111984759864,4,46.2329389592714,0.5565916527572234
Chronic kidney disease or dialysis,PGS004158,European,93.9037865721662,4,49.21087549695591,0.5607280974750619
Chronic kidney disease or dialysis,PGS003988,South Asian,0,2,0.9614857580760284,0.5411427540027474
Chronic kidney disease or dialysis,PGS004004,South Asian,0,2,0.2101019871658008,0.5405334581891036
Chronic kidney disease or dialysis,PGS004016,South Asian,45.611569899255514,2,1.8386263367920077,0.5430458895082807
Chronic kidney disease or dialysis,PGS004030,South Asian,28.13804335196269,2,1.3915568774417888,0.5473203716446445
Chronic kidney disease or dialysis,PGS004045,South Asian,53.586943728625734,2,2.154566150854324,0.5482643383606458
Chronic kidney disease or dialysis,PGS004058,South Asian,75.06487217506364,2,4.010406551836285,0.5479574205406109
Chronic kidney disease or dialysis,PGS004074,South Asian,65.7333923375619,2,2.918292962790612,0.5472181085537601
Chronic kidney disease or dialysis,PGS004088,South Asian,52.93741414329849,2,2.124830120990057,0.5425984901078551
Chronic kidney disease or dialysis,PGS004101,South Asian,51.63231517343691,2,2.0674961052731824,0.5444861609735354
Chronic kidney disease or dialysis,PGS004112,South Asian,0,2,0.00217706294527253,0.5233432460806084
Chronic kidney disease or dialysis,PGS004128,South Asian,0,2,0.5344845525513644,0.5366582672113224
Chronic kidney disease or dialysis,PGS004142,South Asian,10.330181568249278,2,1.1152024365490576,0.5442840297644421
Chronic kidney disease or dialysis,PGS004158,South Asian,65.15587251291367,2,2.8699240650253413,0.5489277716794962
Chronic obstructive airways disease/copd,PGS001332,European,84.98389834328604,2,6.6595180484335845,0.7378562213270138
Cirrhosis,PGS001777,European,68.44603851807264,4,9.507522539501927,0.6294648647910847
Cirrhosis (females),PGS001777,European,93.3697998558318,3,30.16500190811228,0.6057974925731116
Cirrhosis (males),PGS001777,European,86.97392670186565,3,15.3538211725436,0.6300784959701468
Clinical osteoarthritis,PGS002728,European,76.29195859491271,2,4.217978123597419,0.5730466116718245
Clinical osteoarthritis,PGS002729,European,67.3181290399312,3,6.119600687621678,0.6175330200588836
Coeliac disease,PGS000040,European,81.60598213716803,6,27.18275059470988,0.8678650721018791
Coffee consumed,PGS001123,European,88.37190302284912,2,8.599859477995349,0.5850949729513026
"Coffee type: Ground coffee (include espresso, filter etc)",PGS001124,European,99.20748757797152,2,126.18098747783202,0.6021254326351686
Coffee type: Instant coffee,PGS001125,European,99.38769771749024,2,163.3180258451921,0.5761085207809682
Colorectal cancer,PGS003851,African,0,2,0.07768571331212637,0.5382772245470867
Colorectal cancer,PGS000151,East Asian,0,2,0.1647949597992888,0.6028275456054263
Colorectal cancer,PGS000802,East Asian,28.58659634656824,3,2.800594703069989,0.5951772520686184
Colorectal cancer,PGS002742,East Asian,0,2,0.9964725299746308,0.618088943595367
Colorectal cancer,PGS002743,East Asian,0,2,0.2516089033280722,0.5940499229017054
Colorectal cancer,PGS002744,East Asian,47.66913406855265,2,1.910918121075973,0.6246360944836867
Colorectal cancer,PGS000146,European,0,2,0.6853202615338045,0.574787594105954
Colorectal cancer,PGS000147,European,92.86645753899036,2,14.018280615357384,0.5802641952029468
Colorectal cancer,PGS000148,European,93.845133081419,4,48.74191497046449,0.6070632827430901
Colorectal cancer,PGS002265,European,84.58103950979937,2,6.485521515121208,0.6173290432027074
Colorectal cancer,PGS003431,European,69.71722771880609,2,3.3022075743739485,0.7061487656548674
Colorectal cancer,PGS003432,European,41.77825825062618,2,1.717571425988394,0.7184408152266099
Colorectal cancer,PGS003433,European,53.20536686401178,2,2.1369972002856303,0.7173580143089511
Colorectal cancer,PGS003434,European,45.0452637202033,2,1.819679371962768,0.70386903221391
Colorectal cancer,PGS003435,European,36.79088350010276,2,1.582050272766628,0.7053235884567496
Colorectal cancer,PGS003436,European,0,2,0.06213610022393694,0.7002634308646438
Colorectal cancer,PGS003851,European,57.06808027119315,2,2.329269239104188,0.6453262112082871
Colorectal cancer,PGS003851,Hispanic or Latin American,0,2,0.13886513648566762,0.5946089262242725
Connective tissue disorder,PGS000959,European,0,2,0.131806723272451,0.699560919765445
Coronary artery calcium score > 20,PGS000013,European,70.99393109664486,2,3.4475543836425544,0.8253467653723385
Coronary artery calcium score > 300,PGS000013,European,62.27505883443409,2,2.6507662281333584,0.828929840801514
Coronary artery disease (personal history),PGS000013,European,97.83228826876376,2,46.13159515586069,0.6931421600271331
Coronary artery disease (prevalent),PGS000013,European,98.68394869662755,3,151.9697594519998,0.7875910423692549
Coronary artery disease (prevalent),PGS000018,European,98.41650925626814,3,126.30323277334293,0.8060759003440822
Coronary heart disease,PGS000013,European,97.11452858622084,3,69.3127643008099,0.6370434389060771
Coronary heart disease,PGS000018,European,99.3346678053331,3,300.60171686135175,0.630021465792394
Coronary heart disease,PGS000746,European,98.74763752872596,3,159.69817412089677,0.606614447076534
Coronary heart disease,PGS000747,European,97.8256072169684,3,91.97970190149132,0.6021189893358738
Coronary heart disease,PGS000748,European,97.97811509577508,3,98.91759891083876,0.6041752774427005
Coronary heart disease,PGS000749,European,33.60552745038735,2,1.5061494753991145,0.5992782790571173
Coronary heart disease,PGS000011,Hispanic or Latin American,90.72439094222332,3,21.561926419518475,0.7391815183529228
Coronary heart disease,PGS000013,Hispanic or Latin American,88.7852474114217,3,17.83365245201134,0.7414175211470909
Coronary heart disease,PGS000018,Hispanic or Latin American,88.17296991039585,3,16.91041609641275,0.7422417842348813
Coronary heart disease,PGS000337,Hispanic or Latin American,86.60625152133204,3,14.932339540236804,0.743083787562805
Coronary heart disease,PGS001780,Hispanic or Latin American,87.43478535223754,3,15.916958492676036,0.7424155253922496
Coronary heart disease,PGS003446,Hispanic or Latin American,86.75162003074406,3,15.096185379957266,0.7410706682621371
Coronary heart disease,PGS003725,Hispanic or Latin American,84.67610849746544,3,13.0515150128099,0.7440235092691477
Coronary heart disease,PGS004595,Hispanic or Latin American,90.55890651534123,3,21.18398682578332,0.7401207964463931
Coronary heart disease (incident and prevalent),PGS000013,European,14.35299128107776,2,1.167583100633224,0.7708460233670892
Coronary heart disease (incident and prevalent),PGS000018,European,64.06356477299934,2,2.7826911425222693,0.7733198462100557
Coronary heart disease (incident and prevalent),PGS001780,European,99.94854532545034,2,1943.458021553966,0.8361637475069836
Crohn's disease,PGS004254,European,0,2,1.1860206890696123e-29,0.72
Crohns disease,PGS001331,European,56.18972264175307,2,2.2825694341598552,0.5748084899646552
DVT,PGS001264,European,66.70459042767209,2,3.0034170260849065,0.6434228380741553
DVT diagnosed by doctor,PGS001266,European,38.52588928687707,2,1.6267010427635664,0.6356539140959935
Dentures,PGS000995,European,97.75468534840935,2,44.53718766283281,0.7341309641870106
Diabetes,PGS001327,European,0,2,0.8589527043358456,0.7000031225989902
Diabetes (FH),PGS001328,European,85.15304558822065,2,6.735388095531668,0.5781401950371613
Diagnosed with coeliac disease or gluten sensitivity,PGS001300,European,0,2,0.01023034528616543,0.6727026833210434
Discrimination of Type 1 diabetes from Type 2 diabetes,PGS003749,European,98.20751799405456,2,55.78856561366416,0.7382916327881667
Diverticular disease/diverticulitis,PGS000996,European,50.056233269527205,2,2.002251863373889,0.6812656414382318
Doctor diagnosed asthma,PGS001345,European,0,2,0.3545236533867015,0.6006040199012479
Doctor diagnosed hayfever or allergic rhinitis,PGS001286,European,56.65729749357584,2,2.3071934655015625,0.5883204652466187
Dupuytren's contracture,PGS001254,European,0,2,0.6914177864942815,0.7491639494577922
Ease of skin tanning (Get mildly or occasionally tanned),PGS001244,European,63.83478497444075,2,2.765087942359154,0.6389950097355807
Ease of skin tanning (Get moderately tanned),PGS001245,European,94.18557083736572,2,17.198592880387643,0.5950722728769398
Ease of skin tanning (Get very tanned),PGS001246,European,89.44971070615657,2,9.478413076156544,0.7392632491715332
"Ease of skin tanning (Never tan, only burn)",PGS001247,European,97.65598703628297,2,42.66188009533193,0.7512003725740464
Eczema/dermatitis,PGS000944,European,0,2,0.3139065305239461,0.5692777507236452
Emphysema,PGS001326,European,86.13892377978549,2,7.214447017769326,0.7441732150799426
Enlarged prostate,PGS001015,European,95.41423056088657,2,21.80659130986155,0.8800406924800087
Enthesitis-related Arthritis,PGS000324,European,56.99054663212275,4,6.975210715513604,0.7375668229204234
Essential hypertension,PGS000958,European,95.9945440612144,2,24.96594683059206,0.7291546206180727
Eye problems/disorders Diabetic eye disease,PGS001028,European,0,2,0.08175453153739137,0.6968311096290984
Eye problems/disorders Glaucoma,PGS001321,European,73.56125761593121,2,3.7823281662692496,0.7316513524053434
Eye problems/disorders Macular degeneration,PGS001013,European,46.01406659574893,2,1.8523343710887028,0.709672933239029
Facial ageing (About your age),PGS001071,European,94.41250265281596,2,17.897100219724997,0.592669521341198
Facial ageing (Older than you are),PGS001072,European,55.72179472359296,2,2.2584474545828863,0.7415891098915592
Facial ageing (Younger than you are),PGS001141,European,94.46330083529864,2,18.06130277721058,0.6133428879679709
Familial / early-onset colorectal cancer,PGS000765,European,94.664142184582,2,18.741129066642113,0.8643880319606475
Folic acid or folate (Vitamin B9),PGS001153,European,81.63558188034756,2,5.445312742742788,0.5882127407407782
Fracture forearm / wrist,PGS001026,European,0,2,0.00884060982000618,0.6167200793081111
Fracture radius,PGS001258,European,0,2,0.00154123190344806,0.6485749282112686
Gallstones,PGS001256,European,0,2,0.1901374360909683,0.6712819187653959
Genetic haematological disorder,PGS001136,European,0,2,0.9794297995962088,0.6997645139114816
Glaucoma,PGS000137,European,98.04903669788897,2,51.25673040174299,0.7124242030103326
Glaucoma,PGS001322,European,80.31455105921962,2,5.0798943067455244,0.7120952640454244
Glaucoma,PGS000137,South Asian,94.9028936838312,2,19.618974727441923,0.7132871025603811
Glucosamine,PGS001044,European,88.09742996349524,2,8.40154686704666,0.626765825299608
Gout,PGS001248,European,79.63477013078266,2,4.9103300400823375,0.8209845197517255
Gout,PGS003990,European,95.70769486646398,4,69.89251478327654,0.6249170434748894
Gout,PGS004006,European,96.0600649900717,4,76.14338796046759,0.6228222637707971
Gout,PGS004018,European,95.63499962329328,4,68.72851640538498,0.6304857345752137
Gout,PGS004032,European,96.39960383289312,4,83.32416380752558,0.623580274345807
Gout,PGS004047,European,95.86280109011727,4,72.51282970305714,0.6358668669010793
Gout,PGS004060,European,95.7323500278774,4,70.29629935905668,0.6288241077101347
Gout,PGS004076,European,95.8898314498926,4,72.98970743965279,0.6328278823605035
Gout,PGS004090,European,96.48233143257131,4,85.28375947006599,0.625996175412047
Gout,PGS004114,European,94.32317604024168,4,52.8464511365212,0.5953542073025678
Gout,PGS004130,European,93.98229117126266,4,49.85286070461917,0.6090541091568324
Gout,PGS004144,European,94.50107562833163,4,54.55612402048377,0.6046193821207066
Gout,PGS004160,European,96.4095633461092,4,83.55529672829738,0.6395534350306902
Gout,PGS003990,South Asian,17.823251244526084,2,1.2168892237092654,0.6281161157431122
Gout,PGS004006,South Asian,73.1072509992145,2,3.718474448152518,0.6411729718409708
Gout,PGS004018,South Asian,64.06440716939125,2,2.7827563739208245,0.6418492369345714
Gout,PGS004032,South Asian,60.67084482507473,2,2.5426429719943764,0.6233254959828516
Gout,PGS004047,South Asian,45.476567216719985,2,1.8340738081822625,0.6487241447686666
Gout,PGS004060,South Asian,13.136950195104315,2,1.151237496549009,0.6455093269287528
Gout,PGS004076,South Asian,0,2,0.7834622002106701,0.6461651925964261
Gout,PGS004090,South Asian,67.0871663948558,2,3.0383284891146607,0.6284280215924161
Gout,PGS004114,South Asian,71.62358492092116,2,3.5240533281361275,0.6203345250157781
Gout,PGS004130,South Asian,0,2,0.5118020083105187,0.6145975789416687
Gout,PGS004144,South Asian,46.29111293841331,2,1.86188926025096,0.5876979090340254
Gout,PGS004160,South Asian,39.5322708121308,2,1.6537746884674085,0.6585018381150658
Gout diagnosis in patient with arthritis,PGS000199,European,0,2,0.18546433050572647,0.8438351588818246
Haemorrhoids / piles,PGS001024,European,83.59286364330362,2,6.094908814430994,0.5686448051913175
"Hair colour (natural, before greying) black",PGS001092,European,93.22983409233892,2,14.77068676955766,0.8770473165221655
"Hair colour (natural, before greying) blonde",PGS001093,European,93.51316323763878,2,15.415834198300328,0.8504870563520794
"Hair colour (natural, before greying) brown",PGS001094,European,99.2426649672434,2,132.04195722468228,0.6809241751810459
"Hair colour (natural, before greying) dark brown",PGS001095,European,99.28738639100015,2,140.32850164109448,0.7639174785580003
"Hair colour (natural, before greying) light brown",PGS001096,European,65.02917870408133,2,2.8595267795918384,0.6386167064959635
"Hair colour (natural, before greying) other",PGS001097,European,0,2,2.87649186726201e-4,0.6600104759634771
"Hair colour (natural, before greying) red",PGS001098,European,75.43239747906783,2,4.070401249564243,0.9590517798981348
Hayfever allergic rhinitis or eczema,PGS001284,European,0,2,0.5433958457394321,0.6364048583035415
Hayfever rhinitis or eczema diagnosed by doctor,PGS001285,European,0,2,0.5984138444860236,0.6431155015440054
Hayfever/allergic rhinitis,PGS001259,European,0,2,0.4203704601021139,0.6022118342631115
Hearing difficulty,PGS001253,European,0,2,0.33493071915297457,0.6248074109693733
Hearing difficulty and Deafness,PGS001252,European,0,2,0.38526604060562575,0.624715585410245
Heart attack (MI),PGS001315,European,82.40278886260664,2,5.682718654634089,0.7634409338456273
Hepatocellular carcinoma,PGS000865,European,0,2,0.1669816775678594,0.6379232766609051
Hepatocellular carcinoma,PGS000872,European,0,2,0.7007191204781853,0.6456957518650555
Hiatus hernia,PGS000939,European,92.19272556094168,2,12.808567289465156,0.653424721521363
High BP (FH),PGS001324,European,0,2,0.993675971611676,0.5853540289529067
High cholesterol,PGS000936,European,64.28802516836537,2,2.800181184923364,0.7300895190820852
High myopia (HM5),PGS003860,European,99.32546454720308,2,148.25017659984468,0.6058789287389738
High myopia (HM6),PGS003860,European,0,3,0.5510522907658281,0.7815180761705133
Hypertension,PGS001320,European,89.11978124928352,2,9.190991678675102,0.7220264629961958
Hypertension,PGS005120,Hispanic or Latin American,0,2,0.4386171218438678,0.7770002751169871
Hyperthyroidism/thyrotoxicosis,PGS001043,European,0,2,0.8482977144868926,0.7095975719732792
Hypertrophic cardiomyopathy,PGS000739,European,85.2140414682105,2,6.763173302900997,0.7585065176150173
Hypothyroidism/myxoedema,PGS000965,European,0,2,0.2815235860198312,0.767329371683723
Ibuprofen (e.g. Nurofen),PGS001116,European,0,2,0.05842273414890507,0.6188850785882545
Ibuprofen use self-reported,PGS001114,European,0,2,0.014854102419511,0.5985109371070763
Incident all-cause dementia,PGS005170,European,0,2,0.04727207528596708,0.7581609900023327
Incident atherosclerotic cardiovascular disease in individuals with borderline-intermediate risk of atherosclerotic cardiovascular disease,PGS000667,European,95.9649177861818,3,49.56528501825724,0.6308379328981127
Incident breast cancer,PGS000004,European,0,3,0.818734613478617,0.6303205760508064
Incident breast cancer,PGS000783,European,68.23028460940631,2,3.1476517422503503,0.6314549174135057
Incident colorectal cancer,PGS000720,European,0,2,0.2538782153762864,0.6109943888006205
Incident colorectal cancer,PGS000785,European,1.8281643564518744,2,1.018622085901396,0.7119705392761033
Incident coronary heart disease,PGS001780,European,99.9696300647764,2,3292.730105076872,0.8385102341255014
Incident hip fracture,PGS000657,European,98.13557704698464,2,53.63589835571848,0.7849482562662148
Incident hypothyroidism,PGS005218,European,97.13628414085191,2,34.919665538936705,0.6991112707908912
Incident invasive melanoma,PGS002246,European,0,2,0.344383834936565,0.679501776594718
Incident invasive melanoma,PGS002247,European,0,2,0.12555462861207967,0.6858481931747613
Incident invasive melanoma,PGS002253,European,0,2,0.24859589570352048,0.6607751179936991
Incident ischemic stroke,PGS000039,European,89.63276937442657,2,9.64577750911844,0.6293362279818733
Incident lung cancer,PGS000721,European,80.31845238602602,2,5.080901256413371,0.6032265475055643
Incident lung cancer,PGS000789,European,99.44933973744722,2,181.60017491804103,0.7667508216192565
Incident major osteoporotic fracture,PGS000657,European,99.12414475047032,2,114.1741173027144,0.7087218086212379
Incident primary breast cancer,PGS000004,European,72.76823988819598,4,11.016548279226376,0.6319712768419575
Incident prostate cancer,PGS000719,European,40.215196114030064,2,1.6726658531946377,0.6654778652741064
Incident prostate cancer,PGS000795,European,0,2,0.2721497581166813,0.7674950762484962
Incident type 2 diabetes,PGS001781,European,99.97186652452268,2,3554.4844105949473,0.7772828000484922
Inflammatory bowel disease,PGS001288,European,75.7862889440752,2,4.1298915217513175,0.6042401014589296
Inflammatory bowel disease,PGS003981,European,98.70079242167036,4,230.90998313425885,0.6504225573568226
Inflammatory bowel disease,PGS003997,European,98.72887909523756,4,236.01216758846897,0.6542217035997501
Inflammatory bowel disease,PGS004013,European,98.67293461815956,4,226.06271258763755,0.6559743592004298
Inflammatory bowel disease,PGS004023,European,98.84941502523463,4,260.7369351934882,0.6598253784587381
Inflammatory bowel disease,PGS004038,European,98.89634538189496,4,271.82416951699895,0.6622472153682927
Inflammatory bowel disease,PGS004051,European,98.89920056079278,4,272.52920860502627,0.6620772374887018
Inflammatory bowel disease,PGS004067,European,98.88313665105444,4,268.60940533435445,0.6628300309750214
Inflammatory bowel disease,PGS004081,European,98.76840375244454,4,243.5863218936064,0.6550267036153798
Inflammatory bowel disease,PGS004097,European,98.78392024263182,4,246.6943456482303,0.6551707084150242
Inflammatory bowel disease,PGS004105,European,97.79732104598344,4,136.19778745011976,0.615009824283207
Inflammatory bowel disease,PGS004121,European,98.50325720214327,4,200.43523872611317,0.6291037766943751
Inflammatory bowel disease,PGS004135,European,98.93894154579364,4,282.7365436943776,0.6579316344459228
Inflammatory bowel disease,PGS004151,European,98.95101573512105,4,285.99094385330386,0.668797434730385
Inflammatory bowel disease,PGS003981,South Asian,69.50255167401848,2,3.2789628473542667,0.668156378593095
Inflammatory bowel disease,PGS003997,South Asian,0,2,0.736049074135994,0.664200440339591
Inflammatory bowel disease,PGS004013,South Asian,22.759818646097063,2,1.294662936403722,0.6705794523138006
Inflammatory bowel disease,PGS004023,South Asian,64.9701869873268,2,2.8547112130978736,0.675838028370849
Inflammatory bowel disease,PGS004038,South Asian,65.79510977621709,2,2.923558571472019,0.6761318837700733
Inflammatory bowel disease,PGS004051,South Asian,71.76516955693673,2,3.541724828192407,0.6699193758847461
Inflammatory bowel disease,PGS004067,South Asian,67.28819530095207,2,3.057000398480322,0.664157600026253
Inflammatory bowel disease,PGS004081,South Asian,63.687028739692096,2,2.75383689434705,0.6622617541590414
Inflammatory bowel disease,PGS004097,South Asian,61.52436166041526,2,2.5990471975384333,0.6636226516048619
Inflammatory bowel disease,PGS004105,South Asian,0,2,0.20817792854727107,0.5951252639396961
Inflammatory bowel disease,PGS004121,South Asian,0,2,0.02253478972928703,0.6155777477825033
Inflammatory bowel disease,PGS004135,South Asian,0,2,0.96949897286677,0.6639184393094804
Inflammatory bowel disease,PGS004151,South Asian,62.96697423179572,2,2.700292453171832,0.6807971250780397
Inguinal hernia,PGS000948,European,84.38746132662024,2,6.405108233326942,0.8101568481168938
Iritis,PGS000966,European,0,2,0.05093544112464339,0.7811133431473084
JCV seropositivity for Human Polyomavirus JCV,PGS000976,European,0,2,0.4565283595231757,0.627202653192475
Juvenile Idiopathic Arthritis,PGS000114,European,88.83213408726418,4,26.86278670823584,0.6990557586269134
Leisure/social activities (attend adult edication class in once a week or more often),PGS001020,European,0,2,0.08940144647686771,0.634087355612051
"Leisure/social activities (attend any of the followings in once a week or more often: sports club, gym, pub, social club, religious group, adult edication class, or other group activity)",PGS001018,European,98.65557303657084,2,74.3811324230916,0.5529132774929627
Leisure/social activities (attend sports club or gym in once a week or more often),PGS001019,European,92.95455528167744,2,14.193568184551584,0.5600989883608872
"Light smokers, at least 100 smokes in lifetime",PGS001139,European,48.4804683443689,2,1.941011433652464,0.5758340640817721
"Loneliness, isolation",PGS001091,European,25.381601290362205,2,1.3401520500209272,0.5745815630195028
Low myopia,PGS003860,European,62.383916482619696,3,5.316874626450441,0.7209298083628947
Lung cancer (FH),PGS001392,European,47.37329181148757,2,1.900175850668699,0.5823976756191916
MCV seropositivity for Merkel Cell Polyomavirus,PGS000977,European,68.62318132620761,2,3.187066255494073,0.5926500947711926
Major dietary changes in the last 5 years becuase of illness,PGS001063,European,0,2,0.7522038459526608,0.5778693582710906
Malabsorption/coeliac disease,PGS001301,European,0,2,0.8610218198683777,0.8285398594383997
Male genital tract cancer,PGS001111,European,89.74698120672952,2,9.753225076075596,0.8591311461452772
Malignant melanoma,PGS001304,European,76.05805077338292,2,4.176769362154797,0.6134797650157227
Melanoma,PGS000743,European,86.7153762786677,2,7.52749961893321,0.7071951051150892
Microalbumin > 40 mg/L,PGS000972,European,14.06311926748579,2,1.1636447488856203,0.615107729225716
Migraine,PGS001281,European,0,2,0.01101531782318968,0.6511248677667921
Milk type: Skimmed,PGS001064,European,58.19135976940659,2,2.3918500924319743,0.5754780834707799
Moderate hyperopia,PGS003860,European,0,3,0.9037587865680003,0.7467020945730317
Moderate myopia,PGS003860,European,47.47869832244152,3,3.807978736472498,0.7494687994276715
Mouth ulcers,PGS000947,European,83.32397532169827,2,5.9966330063133455,0.5929103972470998
Multiple myeloma,PGS002281,European,0,2,0.9916562819497154,0.63606229790933555
Multiple sclerosis,PGS000809,European,0,2,0.43023870593161406,0.713067832985486
Multiple sclerosis,PGS001270,European,38.8283916381606,2,1.6347453120487652,0.6851459676699954
Multiple sclerosis,PGS002726,European,93.95251131907226,2,16.535789527870456,0.7355432097179753
Multiple sclerosis,PGS004699,European,31.45083372402598,2,1.4588069473727394,0.751699215793568
Multiple sclerosis,PGS004700,European,31.45083372402598,2,1.4588069473727394,0.751699215793568
Myocardial injury following non cardiac surgery,PGS000013,European,98.09763220139936,4,157.69821178673982,0.8125405157112879
Nasal polyps,PGS000934,European,0,2,0.7274092242692242,0.6445983585589958
Nasopharyngeal carcinoma,PGS002291,East Asian,91.71835076715024,2,12.074889576745507,0.6646376844688789
Never Smoker,PGS001127,European,93.4950113796281,2,15.37281705410312,0.6171389861699454
Never eat sugar,PGS000991,European,41.76444172798199,2,1.7171639281433602,0.6154708092432639
Never eat wheat,PGS001065,European,92.32255909081502,2,13.0251735158735,0.5954204321415468
Nicotine metabolism (slow vs normal) in treatment seeking smokers,PGS004909,European,0,2,1.9710260317094853e-30,0.78
Non-melanoma skin cancer,PGS001040,European,91.59763733603472,2,11.901414399650248,0.7135702746842301
Obesity in individuals aged 12-15.9,PGS000716,European,0,2,0.0057442934862395,0.7369668909716478
Obesity in individuals aged 12-15.9,PGS000717,European,0,2,0.00368193457052904,0.6620035678512458
Obesity in individuals aged 16-17.9,PGS000716,European,0,2,0.02988731639519733,0.6658820313184318
Obesity in individuals aged 16-17.9,PGS000717,European,0,2,0.1461984124131908,0.676487914046237
Obesity in individuals aged 18-23.9,PGS000716,European,0,2,0.00347137516784274,0.61849911682396
Obesity in individuals aged 18-23.9,PGS000717,European,0,2,0.09262708329983632,0.626433448683248
Obesity in individuals aged 24-29.9,PGS000717,European,0,2,0.11993522069255988,0.624993582628047
Obesity in individuals aged 30-69.9,PGS000716,European,0,2,0,0.569
Obesity in individuals aged 30-69.9,PGS000717,European,0,2,0.6261361011338544,0.5986392058170397
Obesity prevalence,PGS000770,European,91.80402907494974,3,24.402233954822552,0.5870364699197561
Oestradiol > 212 pmol/L,PGS001182,European,80.49061502373749,2,5.125738208645333,0.8550614339052975
Often felt loved as a child,PGS001090,European,0,2,0.9632224105716344,0.5521075075179439
Oligoarthritis Juvenile Idiophatic Arthritis,PGS000325,European,38.04491190407554,4,4.842217309666527,0.7765379533577008
Osteoarthritis,PGS001290,European,93.67381517004452,2,15.807315576124864,0.6804662836804358
Osteoporosis,PGS001273,European,88.17507970627064,2,8.456716621847246,0.7717569860784146
Overweight in individuals aged 12-15.9,PGS000716,European,0,2,0.00865397161763691,0.657015464006517
Overweight in individuals aged 12-15.9,PGS000717,European,0,2,0.03086537688565455,0.5889318770223338
Overweight in individuals aged 14-29.9,PGS000716,European,0,2,0,0.591
Overweight in individuals aged 14-29.9,PGS000717,European,0,2,0.3793067799030953,0.5999949958815577
Overweight in individuals aged 16-17.9,PGS000716,European,0,2,0.00163130587257185,0.6234925369904674
Overweight in individuals aged 16-17.9,PGS000717,European,0,2,0.01426098616273997,0.6164742272476247
Overweight in individuals aged 18-23.9,PGS000716,European,0,2,0.01452999933139269,0.6014996842621105
Overweight in individuals aged 18-23.9,PGS000717,European,0,2,0.11999342591535549,0.5934973803133279
Overweight in individuals aged 30-69.9,PGS000716,European,0,2,0,0.568
Overweight in individuals aged 30-69.9,PGS000717,European,0,2,0.8536336620983921,0.5834987112598162
PE +/- DVT,PGS001277,European,65.85353869654334,2,2.928561150489611,0.6530937911825556
Paracetamol use self-reported,PGS001115,European,84.62618178115862,2,6.504565006332981,0.597304310361079
Parkinson's disease,PGS001774,European,97.42390908779036,4,116.45551738027524,0.6555869388610054
Paroxysmal atrial fibrillation,PGS005388,East Asian,0,2,0.4631249030393469,0.7195716756726592
Past tobacco smoking (Smoked at least once),PGS001046,European,94.24613629781528,2,17.37962613922022,0.6111342174166747
Past tobacco smoking (Smoked occasionally),PGS001047,European,67.23673771824483,2,3.0521991106998785,0.5950593852431408
Polymyalgia rheumatica,PGS001051,European,87.21319715467887,2,7.820563217379347,0.7731149173437342
Prevalent coronary heart disease,PGS001780,European,99.885829359258,2,875.8819198185568,0.8494862074356964
Prevalent coronary heart disease,PGS005091,European,94.37325791477808,3,35.54454726568673,0.7867384319156606
Prevalent coronary heart disease,PGS005092,European,95.72968238886756,3,46.83492381892461,0.7865681432375118
Prevalent gout cases,PGS000126,European,99.8816384928212,2,844.8692685954728,0.7388490045199706
Prevalent type 2 diabetes,PGS001781,European,99.9247735307656,2,1329.3193342411605,0.7788944060775327
Previous Smoker,PGS001128,European,95.26139077766985,2,21.10323837820625,0.6062959513108828
Primary open-angle glaucoma (POAG),PGS000137,European,76.73402994878738,4,12.894368871774764,0.7201710335530593
Prolapsed disc/slipped disc,PGS000964,European,28.67436204213422,2,1.402020407571721,0.5500204760947729
Prostate cancer,PGS000348,European,0,2,0,0.64
Prostate cancer,PGS001291,European,94.84758468672602,2,19.40837333946544,0.894143298591631
Prostate cancer,PGS003985,European,92.97654951462694,4,42.71404783514536,0.6814728969352255
Prostate cancer,PGS004001,European,89.38889347508729,4,28.272263528375763,0.6837419568495516
Prostate cancer,PGS004027,European,90.28210560923678,4,30.870884981539575,0.6900544472033329
Prostate cancer,PGS004042,European,91.6218967650672,4,35.80762752470502,0.6924526063806616
Prostate cancer,PGS004055,European,91.469704983095,4,35.16877193643027,0.688028839782297
Prostate cancer,PGS004071,European,90.2331479507314,4,30.71614052170124,0.6889069539882915
Prostate cancer,PGS004085,European,91.484015358559,4,35.22787001518557,0.6861465743324627
Prostate cancer,PGS004099,European,92.05904532695884,4,37.7788329429047,0.6861548422604692
Prostate cancer,PGS004109,European,82.596861622771,4,17.238270103772358,0.6469122385958704
Prostate cancer,PGS004125,European,85.40082354402102,4,20.549104321369946,0.6600251553003166
Prostate cancer,PGS004139,European,91.78684595092692,4,36.52677134843924,0.6935035570468399
Prostate cancer,PGS004155,European,92.38649695218052,4,39.40367503838071,0.6972553325339705
Prostate cancer,PGS003985,South Asian,15.019392526131666,2,1.1767390581521808,0.6993769804633723
Prostate cancer,PGS004001,South Asian,0,2,0.7166395338653234,0.7194631004436263
Prostate cancer,PGS004027,South Asian,0,2,0.2429879307360936,0.7168958116809666
Prostate cancer,PGS004042,South Asian,0,2,0.06777417285412096,0.7227676690780411
Prostate cancer,PGS004055,South Asian,0,2,0.0097015793350066,0.7143974450296803
Prostate cancer,PGS004071,South Asian,0,2,0.17455812995905493,0.7058485217152066
Prostate cancer,PGS004085,South Asian,0,2,0.02155056746070252,0.7060882800842093
Prostate cancer,PGS004099,South Asian,0,2,0.06029319412153499,0.7139967731249158
Prostate cancer,PGS004109,South Asian,21.380078688402676,2,1.2719422549873358,0.6528798068963497
Prostate cancer,PGS004125,South Asian,38.94034580612581,2,1.6377426521690408,0.6665233423059367
Prostate cancer,PGS004139,South Asian,0,2,0.3323647684276069,0.7186384542812169
Prostate cancer,PGS004155,South Asian,0,2,0.23985971553487756,0.7222854411086501
Prostate cancer (FH),PGS001292,European,85.82250069191788,2,7.0534300744415015,0.5793839163253913
Prostate cancer incidence in men with symptoms,PGS000662,European,0,2,0.24688349305029783,0.7769604657797338
Psoriasis,PGS001312,European,0,2,0.7105901354045661,0.6939690764652134
Psoriatic arthritis diagnosis in patient with arthritis,PGS000198,European,0,2,0.8115311533067778,0.683380247541441
Psoriatic arthropathy,PGS001287,European,83.89950480161146,2,6.210989088708821,0.6600304431643631
Pulmonary fibrosis,PGS001030,European,45.70901798980081,2,1.8419265280781592,0.7721979057705713
Radiographic osteoarthritis,PGS002728,European,46.24535074869351,2,1.8603042042464737,0.5998724706326076
Radiographic osteoarthritis,PGS002729,European,30.746997180833908,3,2.8879614147886317,0.5895179385607269
Retinal detachment,PGS001137,European,0,2,0.5983680983400355,0.6422802941277019
Rheumatoid arhtirits diagnosis in patient with arthritis,PGS000194,European,36.47568827024226,2,1.5742004482538194,0.7175303904886207
Rheumatoid arhtirits diagnosis in patient with arthritis,PGS000195,European,36.47568827024226,2,1.5742004482538194,0.7175303904886207
Rheumatoid arthritis,PGS001310,European,58.65038635656307,2,2.4184022821183513,0.6706619859342962
Rheumatoid factor > 16 IU/mL,PGS001138,European,63.4837304954499,2,2.7385053664241226,0.6045700699105857
Rheumatoid-factor-negative Polyarthritis,PGS000326,European,81.37774853933136,4,16.109759909193514,0.7022972889257416
Risk of hospitalization (COVID-19),PGS002272,European,96.78415059865044,4,93.28795057197024,0.7304703305127898
Risk of mitral valve prolapse,PGS002271,European,10.31955428832659,2,1.1150702832310224,0.6689648763024201
Risk of severe disease (COVID-19),PGS002272,European,93.58426826946716,4,46.76005989656385,0.7613428985764419
Risk taking,PGS001049,European,97.36826546767584,2,37.99775348605824,0.6219660681824674
Sarcoidosis,PGS000922,European,0,2,0.5391661599167212,0.6561886697168716
Sensitivity / hurt feelings,PGS001016,European,87.12490758604298,2,7.766934541890875,0.6169627919834232
Seropositive RA,PGS003994,European,96.95183667045345,4,98.41992293917752,0.5999620106406809
Seropositive RA,PGS004010,European,94.0343080484008,4,50.28754458559998,0.6000019079842606
Seropositive RA,PGS004021,European,93.08215308893492,4,43.366094083428024,0.6242901037003884
Seropositive RA,PGS004049,European,89.59854472741651,4,28.84211796696854,0.632504259966421
Seropositive RA,PGS004064,European,92.550287960042,4,40.270012906658835,0.6353505640418299
Seropositive RA,PGS004079,European,90.49945707311396,4,31.577142728445153,0.6284872281547904
Seropositive RA,PGS004094,European,94.94286554996042,4,59.32213251669667,0.6241980541056726
Seropositive RA,PGS004103,European,91.11318835276748,4,33.757888870461635,0.5975748552794192
Seropositive RA,PGS004118,European,76.04111583449344,4,12.521451246544611,0.589897193211258
Seropositive RA,PGS004133,European,77.38220807668628,4,13.263894239418192,0.594525946615601
Seropositive RA,PGS004148,European,94.05271799334214,4,50.44321080859394,0.6240955396126013
Seropositive RA,PGS004163,European,91.58216563119424,4,35.638619965215696,0.6497321559549887
Sjogren's syndrome/sicca syndrome,PGS001308,European,24.752143037142275,2,1.3289415012757095,0.7445248768386595
Skin cancer,PGS001041,European,89.51516869219776,2,9.53758787950984,0.6996154945727715
Snoring,PGS001054,European,7.327123782789423,2,1.0790643830414393,0.6313945207864508
Spondyloarthropathy diagnosis in patient with arthritis,PGS000197,European,77.08173800995833,2,4.363332614115831,0.7683783987137174
Started insulin within one year diagnosis of diabetes,PGS001117,European,78.99906687354945,2,4.761693178006962,0.7556669413703445
Stroke excluding subarachnoid hemorrhage,PGS003984,European,72.91749687101492,4,11.077262635997805,0.5391736537013785
Stroke excluding subarachnoid hemorrhage,PGS004000,European,0,4,2.386031308213326,0.5319858957582397
Stroke excluding subarachnoid hemorrhage,PGS004015,European,53.747790732378085,4,6.486176655133531,0.5363805942966962
Stroke excluding subarachnoid hemorrhage,PGS004026,European,80.79045940979613,4,15.617239703951515,0.5403865999292258
Stroke excluding subarachnoid hemorrhage,PGS004041,European,72.13222802716795,4,10.765123250343311,0.541378765061592
Stroke excluding subarachnoid hemorrhage,PGS004054,European,71.16907228093925,4,10.4054924254714,0.542939116366216
Stroke excluding subarachnoid hemorrhage,PGS004070,European,74.07175797768502,4,11.570394928503328,0.5434887840066052
Stroke excluding subarachnoid hemorrhage,PGS004084,European,82.17492130714626,4,16.830220229000904,0.5381104650621965
Stroke excluding subarachnoid hemorrhage,PGS004098,European,75.12491450029121,4,12.060260054322717,0.5380748011037313
Stroke excluding subarachnoid hemorrhage,PGS004108,European,0,4,1.6293626866082946,0.5189563336386053
Stroke excluding subarachnoid hemorrhage,PGS004124,European,35.672646203887446,4,4.663645903278702,0.5268880662007275
Stroke excluding subarachnoid hemorrhage,PGS004138,European,85.240295145795,4,20.325609689582024,0.5355010201016006
Stroke excluding subarachnoid hemorrhage,PGS004154,European,73.83253652971378,4,11.46461904267707,0.5439222806620223
Stroke excluding subarachnoid hemorrhage,PGS003984,South Asian,0,2,0.7094995933290408,0.5319041362310171
Stroke excluding subarachnoid hemorrhage,PGS004000,South Asian,0,2,0.18835028868848416,0.5130099989925749
Stroke excluding subarachnoid hemorrhage,PGS004015,South Asian,0,2,0.7969863652101776,0.5416046070875377
Stroke excluding subarachnoid hemorrhage,PGS004026,South Asian,42.30763800080978,2,1.7333317017147545,0.5469343984789536
Stroke excluding subarachnoid hemorrhage,PGS004041,South Asian,44.03622154856708,2,1.786870057152825,0.5429242467721682
Stroke excluding subarachnoid hemorrhage,PGS004054,South Asian,69.57998577199646,2,3.287309442082498,0.5383003506201426
Stroke excluding subarachnoid hemorrhage,PGS004070,South Asian,70.44321951150746,2,3.383318424648227,0.5393056926093038
Stroke excluding subarachnoid hemorrhage,PGS004084,South Asian,45.874453891551106,2,1.8475564163294456,0.5449905812811354
Stroke excluding subarachnoid hemorrhage,PGS004098,South Asian,11.059064789998391,2,1.1243416742120649,0.5482663276699838
Stroke excluding subarachnoid hemorrhage,PGS004108,South Asian,0,2,0.19373199179743145,0.5070293294876077
Stroke excluding subarachnoid hemorrhage,PGS004124,South Asian,0,2,0.2547255783610343,0.5366013053049042
Stroke excluding subarachnoid hemorrhage,PGS004138,South Asian,0,2,0.4905257939548569,0.5342809276002034
Stroke excluding subarachnoid hemorrhage,PGS004154,South Asian,42.771159571766574,2,1.747370718185402,0.5329968883628509
Subsequent thyroid cancer in childhood cancer survivors aged 40,PGS001354,European,80.59330978822189,2,5.152862178389855,0.759584145348559
Subsequent thyroid cancer in childhood cancer survivors aged 50,PGS001354,European,80.19801987715707,2,5.050000019171982,0.7497986273632501
Suffer from 'nerves',PGS001017,European,0,2,0.8870384856788852,0.5612032991869689
Systemic lupus erythematosus,PGS000328,European,97.5182276930404,2,40.29378509848417,0.7205442698787224
Systemic lupus erythematosus,PGS000754,European,23.114250042357742,3,2.6012622639459666,0.6464065149983445
Systemic lupus erythematosus,PGS003960,European,99.30105815042911,4,429.2202565695457,0.7316196455418787
Systemic lupus erythematosus diagnosis in patient with arthritis,PGS000196,European,28.012425155085943,2,1.3891286130340454,0.7791321277650847
T2D,PGS005314,African,92.13978519947364,3,25.444597262991707,0.7247763907631293
TTE PE,PGS001280,European,57.959257692828714,2,2.378644964671379,0.656827760196395
TTE acute appendicitis,PGS001369,European,0,2,0.05728213175890553,0.5727567112024632
TTE acute myocardial infarction,PGS001314,European,65.94663117669738,2,2.9365670256849974,0.7649511600741048
TTE alzheimer's disease,PGS001349,European,0,2,0.00409355605460804,0.8669475194863308
TTE angina pectoris,PGS001261,European,0,2,0.7141127085144455,0.7435541986832742
TTE ankylosing spondylitis,PGS001268,European,0,2,0.1677409198221677,0.7450548664394233
TTE asthma,PGS001346,European,75.91350283721759,2,4.151703725293706,0.6269453463919247
TTE atrial fibrillation and flutter,PGS001339,European,63.843601710631994,2,2.765762208936767,0.7667422371160239
TTE calculus of kidney and ureter,PGS001250,European,0,2,0.1591680826431399,0.6631604431880309
TTE cholecystitis,PGS000943,European,71.40085210404962,2,3.4966076739006597,0.6058316334836921
TTE cholelithiasis,PGS001174,European,0,2,0.6172586321343865,0.6725241491217447
TTE chronic ischaemic heart disease,PGS000962,European,87.5129567504522,2,8.008300924530017,0.7656921559890568
TTE chronic renal failure,PGS001272,European,82.14615161436187,2,5.601033336904627,0.7093481163222624
TTE coxarthrosis [arthrosis of hip],PGS000967,European,81.43309820447435,2,5.3859282017691585,0.6957946209249456
TTE crohn's disease [regional enteritis],PGS001330,European,52.63262175725669,2,2.1111575879824005,0.5696411638363711
TTE dementia in alzheimer's disease,PGS000945,European,0,2,0.07489346738576928,0.8899368471956045
TTE diaphragmatic hernia,PGS001050,European,67.43680881761384,2,3.0709520894282387,0.6336702202388451
TTE disorders of lipoprotein metabolism and other lipidaemias,PGS001318,European,77.05908043788315,2,4.359023173819655,0.7368986014198635
TTE disorders of mineral metabolism,PGS001023,European,80.64027820705942,2,5.165363483501324,0.6654114710441279
TTE disorders of porphyrin and bilirubin metabolism,PGS000924,European,0,2,0.10791862387083906,0.9039325708705316
TTE diverticular disease of intestine,PGS000997,European,96.73173573470348,2,30.59728096709688,0.6895283841246267
TTE duodenal ulcer,PGS001390,European,64.21837561790792,2,2.794730583836988,0.6942580096946382
TTE essential (primary hypertension),PGS000957,European,96.73520464928993,2,30.62979122971679,0.7294398068477876
TTE fibroblastic disorders,PGS001031,European,0,2,0.5670436825566916,0.6131701781140518
TTE follicular cysts of skin and subcutaneous tissue,PGS000963,European,0,2,0.00623584567037737,0.6143315120349646
TTE glaucoma,PGS001323,European,75.01895960683129,2,4.003035839425881,0.7095342787609915
TTE gonarthrosis [arthrosis of knee],PGS001192,European,70.42152311755324,2,3.3808366941079595,0.6484362757650444
TTE gout,PGS001249,European,88.62520527369206,2,8.791367440567278,0.7986052212956726
TTE hyperplasia of prostate,PGS001338,European,95.98716879493352,2,24.920061395491224,0.8850012137018981
TTE inguinal hernia,PGS000949,European,60.73051283676419,2,2.546506390173087,0.8070009401632483
TTE insulin-dependent diabetes mellitus,PGS001296,European,71.2583489382552,2,3.4792712424617873,0.6700734376643277
TTE internal derangement of knee,PGS001027,European,0,2,0.07385226607065756,0.5704434066964325
TTE intestinal malabsorption,PGS000940,European,1.1256986302856138,2,1.0113851487665777,0.764778140490356
TTE iridocyclitis,PGS000941,European,0,2,0.15673968213705397,0.6642545649269944
TTE migraine,PGS001282,European,16.36444130348422,2,1.1956636813160424,0.6459670741287672
TTE multiple sclerosis,PGS001271,European,24.919021308516772,2,1.3318952648567892,0.6797554854320653
TTE nasal polyp,PGS000933,European,0,2,0.6548523694796865,0.6725748368209872
TTE non-insulin-dependent diabetes mellitus,PGS001294,European,81.45572807763091,2,5.392500736541434,0.7149153324819805
TTE nonrheumatic aortic valve disorders,PGS001025,European,85.88269042593166,2,7.083502665669883,0.73448882943661
TTE obesity,PGS001298,European,0,2,0.108457660607889,0.5962442445336272
TTE osteoporosis without pathological fracture,PGS001274,European,85.89943396544645,2,7.091913881680297,0.7813596312466394
TTE other cataract,PGS001303,European,93.5831122816723,2,15.583878725878805,0.7311397577375327
TTE other chronic obstructive pulmonary disease,PGS001334,European,88.97631077304456,2,9.071373289032604,0.733537521700596
TTE other coagulation defects,PGS001033,European,0,2,0.0736660876632435,0.653056951040344
TTE other dermatitis,PGS000927,European,87.8773282227455,2,8.249006641228032,0.5620732553211296
TTE other diseases of intestine,PGS001516,European,92.32396530935594,2,13.027559675034428,0.6313092050755353
TTE other diseases of liver,PGS001293,European,92.14810984531417,2,12.735786929001035,0.5996695799106888
TTE other disorders of cornea,PGS001029,European,0.706874162814522,2,1.0071190644554149,0.6080074114226137
TTE other disorders of pancreatic internal secretion,PGS001014,European,0,2,0.20534904303731727,0.6362501318573092
TTE other hypothyroidism,PGS001181,European,0,2,0.27788744896305106,0.7659808484267204
TTE other interstitial pulmonary diseases,PGS001251,European,0,2,0.4645885637721894,0.7566376450286975
TTE other intervertebral disk disorders,PGS000932,European,64.29735473097188,2,2.8009129084547,0.5459914599794302
TTE other metabolic disorders,PGS001319,European,74.38688108103005,2,3.904249237133577,0.6324388023181765
TTE other non-toxic goitre,PGS000928,European,0,2,0.5803171663193395,0.7205597165679202
TTE other retinal disorders,PGS001275,European,0,2,0.8506883046414343,0.6786552054963289
TTE other rheumatoid arthritis,PGS001309,European,52.00811301940406,2,2.083685520438735,0.6704148511250051
TTE other systemic involvement of connective tissue,PGS000960,European,0,2,0.1953908653202908,0.7206152587828529
TTE otosclerosis,PGS001255,European,0,2,0.10238770539793828,0.6565673859274095
TTE phlebitis and thrombophlebitis,PGS000961,European,81.94586333696917,2,5.538896811652501,0.6484976329075569
TTE psoriasis,PGS001313,European,0,2,0.6824333375311906,0.6725824679107631
TTE psoriatic and enteropathic arthropathies,PGS001522,European,83.82649777466742,2,6.182952746212869,0.6165343641688056
TTE reactive arthropathies,PGS001110,European,0,2,0.834937062333919,0.7061394923080457
TTE retinal detachments and breaks,PGS000990,European,0,2,0.18769697147450431,0.6372338742576086
TTE retinal disorders in diseases classified elsewhere,PGS001276,European,29.65961189892379,2,1.4216583487754455,0.6819333101782951
TTE sarcoidosis,PGS000923,European,0,2,0.30351094331785755,0.6589453963255627
TTE seborrhoeic keratosis,PGS001140,European,0,2,0.3444461417604119,0.628574072824964
TTE seropositive rheumatoid arthritis,PGS001311,European,0,2,0.3509966048813965,0.7429237055887878
TTE skin changes due to chronic exposure to nonionising radiation,PGS000950,European,0,2,0.12680490717118134,0.6862091700136388
TTE thyrotoxicosis [hyperthyroidism],PGS001042,European,38.13251569320213,2,1.6163579482900068,0.707622928774257
TTE ulcerative colitis,PGS001307,European,0,2,0.697588874390376,0.6437940512970137
TTE unspecified acute lower respiratory infection,PGS000925,European,81.55196375773582,2,5.420631154816435,0.5877730802664536
TTE unspecified dementia,PGS000946,European,0,2,0.2393113156247316,0.8316592307038375
TTE unspecified diabetes mellitus,PGS001329,European,77.63938085717851,2,4.472148081467742,0.7096640500263248
TTE varicose veins of lower extremities,PGS000938,European,54.07549429015046,2,2.177486691567216,0.6494108632750544
TTE vascular dementia,PGS001179,European,3.4138245494759905,2,1.0353448568964687,0.8356078946987141
TTE vasomotor and allergic rhinitis,PGS001109,European,0,2,0.05772887325863073,0.5989773937183539
TTE viral warts,PGS001011,European,0,2,2.5701455251268146e-4,0.5600901753859981
TTE vitamin b12 deficiency anaemia,PGS001305,European,0,2,0.06221705991290969,0.6464208006481311
TTE vitiligo,PGS001536,European,41.46052464855007,2,1.7082489960771945,0.6489840944021202
TTE zoster [herpes zoster],PGS001131,European,0,2,0.11338075260130362,0.6105022780262486
Taking other prescription medications,PGS001118,European,96.93357783563005,2,32.6112957184897,0.626101959920509
Testicular cancer,PGS001164,European,87.19052802159422,2,7.80672303812211,0.8513178583773475
Thyroid cancer,PGS000207,European,95.24282680800768,2,21.020886977234458,0.6638791731376361
Thyroid cancer,PGS001289,European,73.74722883463163,2,3.809121687386514,0.6643809689811959
Tobacco smoking ever vs no,PGS001129,European,0,2,0.8579466743690924,0.5965064451052705
Total hip replacement,PGS002728,European,0,2,0.1566680792582777,0.656662074645669
Total hip replacement,PGS002729,European,0,2,0.01147356288454217,0.659239469053843
Type 1 diabetes,PGS000024,European,90.65029487488955,3,21.39104895007451,0.8686011734783269
Type 1 diabetes,PGS001297,European,0,2,0.3133683539169516,0.77297003768567
Type 1 diabetes,PGS003993,European,97.3700980671434,4,114.07269459441024,0.7199689302971478
Type 1 diabetes,PGS004009,European,97.21300196387962,4,107.64270233129132,0.7205904068953681
Type 1 diabetes,PGS004020,European,97.25946069921928,4,109.46750514197586,0.7238032440240397
Type 1 diabetes,PGS004035,European,95.38401239130656,4,64.99150895357712,0.6874579964055115
Type 1 diabetes,PGS004063,European,96.86286534800868,4,95.62866541593102,0.7022132471485321
Type 1 diabetes,PGS004078,European,95.91572660448465,4,73.45247757640524,0.6974151045894007
Type 1 diabetes,PGS004093,European,97.56177448858436,4,123.04030065940002,0.726748769644167
Type 1 diabetes,PGS004102,European,97.4462309329393,4,117.47342540462732,0.7259760549213693
Type 1 diabetes,PGS004117,European,94.77872422538888,4,57.45722175005083,0.6459506325250913
Type 1 diabetes,PGS004132,European,95.24145268634835,4,63.04445038075794,0.6536579102566049
Type 1 diabetes,PGS004147,European,96.76783260288845,4,92.81697484730994,0.682715084485323
Type 1 diabetes,PGS004162,European,96.86727598970194,4,95.76330344257062,0.7102909252220301
Type 2 diabetes,PGS000804,African,99.59573542889596,2,247.3627598057834,0.6181874666246296
Type 2 diabetes,PGS000806,African,99.62320561693792,2,265.3967375716617,0.611575646410853
Type 2 diabetes,PGS002308,African,99.4453291305071,5,721.1483818605775,0.7054205600805973
Type 2 diabetes,PGS004859,African,35.15924688980089,2,1.5422399525503123,0.7509633436780165
Type 2 diabetes,PGS005353,African,87.13949810325894,3,15.551492593821829,0.6716330626744761
Type 2 diabetes,PGS005354,African,87.13949810325894,3,15.551492593821829,0.6716330626744761
Type 2 diabetes,PGS005355,African,87.13949810325894,3,15.551492593821829,0.6716330626744761
Type 2 diabetes,PGS005356,African,87.13949810325894,3,15.551492593821829,0.6716330626744761
Type 2 diabetes,PGS005357,African,87.13949810325894,3,15.551492593821829,0.6716330626744761
Type 2 diabetes,PGS002308,East Asian,81.10796297598893,3,10.586470889603245,0.7908778733846811
Type 2 diabetes,PGS004615,East Asian,95.57146765443235,3,45.16168888326479,0.6580319921390781
Type 2 diabetes,PGS004616,East Asian,97.2049174771493,2,35.77711898753162,0.6346633940134468
Type 2 diabetes,PGS004617,East Asian,97.52314894821804,2,40.373844817214774,0.6506047386151071
Type 2 diabetes,PGS004618,East Asian,97.97828330464532,3,98.92582895493824,0.6673516617279868
Type 2 diabetes,PGS004619,East Asian,98.13597819485096,2,53.647441099545055,0.6417704102302795
Type 2 diabetes,PGS004620,East Asian,99.00117813338548,2,100.1179523020934,0.6585463334372589
Type 2 diabetes,PGS005363,East Asian,97.24075740258276,7,217.4509775115903,0.7806944653679727
Type 2 diabetes,PGS005364,East Asian,97.24075740258276,7,217.4509775115903,0.7806944653679727
Type 2 diabetes,PGS005365,East Asian,97.24075740258276,7,217.4509775115903,0.7806944653679727
Type 2 diabetes,PGS005366,East Asian,97.24075740258276,7,217.4509775115903,0.7806944653679727
Type 2 diabetes,PGS005367,East Asian,97.24075740258276,7,217.4509775115903,0.7806944653679727
Type 2 diabetes,PGS000014,European,97.94727704916272,3,97.43156031768488,0.719744607581033
Type 2 diabetes,PGS000036,European,99.4605024948798,4,556.0730071090029,0.7057650201998901
Type 2 diabetes,PGS000804,European,99.97772923956482,2,4490.192433753258,0.7389571180104326
Type 2 diabetes,PGS000805,European,99.95657812992404,3,4605.973894034796,0.7324362204392186
Type 2 diabetes,PGS001295,European,0,2,0.24073039078272057,0.6850058613595111
Type 2 diabetes,PGS001357,European,99.49472517766976,3,395.824195390602,0.7104105003204688
Type 2 diabetes,PGS001781,European,99.08122466492676,2,108.84053607297449,0.7180541447102601
Type 2 diabetes,PGS002243,European,98.98243550855784,2,98.2738694608668,0.72082197198581
Type 2 diabetes,PGS003103,European,99.16712017463418,2,120.06534070635789,0.7171497164286609
Type 2 diabetes,PGS003982,European,86.88407829369396,4,22.87296361762836,0.6143829847642276
Type 2 diabetes,PGS003998,European,85.43509918302651,4,20.5974626102767,0.602801078496029
Type 2 diabetes,PGS004014,European,84.21677206638738,4,19.00751869401236,0.6088095758174487
Type 2 diabetes,PGS004024,European,86.893846371289,4,22.890010944386084,0.6134738570969077
Type 2 diabetes,PGS004039,European,89.391952336477,4,28.2804159177739,0.6180651148490717
Type 2 diabetes,PGS004052,European,89.01417654044657,4,27.307921077060048,0.6193186972259018
Type 2 diabetes,PGS004068,European,89.05001800707086,4,27.39730532833045,0.6199665209077337
Type 2 diabetes,PGS004082,European,90.34522034064744,4,31.07269255071922,0.613129452639426
Type 2 diabetes,PGS004106,European,77.70659053773925,4,13.456891845451144,0.5683789866480483
Type 2 diabetes,PGS004122,European,80.55862882027374,4,15.431010355526997,0.5840247536285637
Type 2 diabetes,PGS004136,European,87.9454241832115,4,24.88681514468452,0.6141933122777581
Type 2 diabetes,PGS004152,European,89.01500280882168,4,27.30997512142468,0.6224746508770292
Type 2 diabetes,PGS004923,European,99.2659987861931,2,136.23955671864326,0.7574567078616228
Type 2 diabetes,PGS005368,European,96.02918344867504,4,75.55121122377173,0.7391018150657849
Type 2 diabetes,PGS005369,European,96.02918344867504,4,75.55121122377173,0.7391018150657849
Type 2 diabetes,PGS005370,European,96.02918344867504,4,75.55121122377173,0.7391018150657849
Type 2 diabetes,PGS005371,European,96.02918344867504,4,75.55121122377173,0.7391018150657849
Type 2 diabetes,PGS005372,European,96.02918344867504,4,75.55121122377173,0.7391018150657849
Type 2 diabetes,PGS000804,Hispanic or Latin American,99.62336019153356,2,265.50565753304176,0.6762977345392439
Type 2 diabetes,PGS000808,Hispanic or Latin American,99.65503791121546,2,289.8869274370004,0.6643089017665793
Type 2 diabetes,PGS005358,Hispanic or Latin American,88.64965618925208,4,26.430917424362292,0.7477886748746089
Type 2 diabetes,PGS005359,Hispanic or Latin American,88.64965618925208,4,26.430917424362292,0.7477886748746089
Type 2 diabetes,PGS005360,Hispanic or Latin American,88.64965618925208,4,26.430917424362292,0.7477886748746089
Type 2 diabetes,PGS005361,Hispanic or Latin American,88.64965618925208,4,26.430917424362292,0.7477886748746089
Type 2 diabetes,PGS005362,Hispanic or Latin American,88.64965618925208,4,26.430917424362292,0.7477886748746089
Type 2 diabetes,PGS003982,South Asian,92.50672459935596,2,13.345298905122991,0.5723658832829404
Type 2 diabetes,PGS003998,South Asian,81.56761282520347,2,5.4252332620668176,0.5701813255796703
Type 2 diabetes,PGS004014,South Asian,81.11250067842309,2,5.294507139214607,0.5677482267724377
Type 2 diabetes,PGS004024,South Asian,86.61002065747303,2,7.468271417148271,0.5748709121180156
Type 2 diabetes,PGS004039,South Asian,89.32796205586277,2,9.370281526682144,0.5762884506086382
Type 2 diabetes,PGS004052,South Asian,91.7241797327182,2,12.08339436700274,0.5761694832251757
Type 2 diabetes,PGS004068,South Asian,92.1096513139622,2,12.673711134839063,0.5763943962242297
Type 2 diabetes,PGS004082,South Asian,88.89605423605529,2,9.00580767646641,0.5697834438228915
Type 2 diabetes,PGS004106,South Asian,54.14452505882162,2,2.180764677026595,0.5497141687800193
Type 2 diabetes,PGS004122,South Asian,68.4658285692206,2,3.171163073667873,0.5569420934394906
Type 2 diabetes,PGS004136,South Asian,90.39249425160332,2,10.4085287710276,0.5754353541373795
Type 2 diabetes,PGS004152,South Asian,92.03179374731695,2,12.549875948094105,0.5789619693291209
Type 2 diabetes,PGS005373,South Asian,90.81753249199036,4,32.670956879326525,0.7426703268272954
Type 2 diabetes,PGS005374,South Asian,90.81753249199036,4,32.670956879326525,0.7426703268272954
Type 2 diabetes,PGS005375,South Asian,90.81753249199036,4,32.670956879326525,0.7426703268272954
Type 2 diabetes,PGS005376,South Asian,90.81753249199036,4,32.670956879326525,0.7426703268272954
Type 2 diabetes,PGS005377,South Asian,90.81753249199036,4,32.670956879326525,0.7426703268272954
Type 2 diabetes (incident and prevalent),PGS001781,European,99.84243395837686,2,634.6545167338807,0.7352764881384353
Types of physical activity in last 4 weeks (other exercises),PGS001074,European,92.10604094759228,2,12.667914709983124,0.6051665294147998
UACR > 30 mg/g,PGS001107,European,0,2,0.8110274797909858,0.6022546703275465
Ulcerative colitis,PGS001306,European,79.74083776085187,2,4.936038263554815,0.6275436983692094
Ulcerative colitis,PGS004253,European,0,2,0.29608598838098044,0.6568833344544823
Use of sun/uv protection (Always),PGS000980,European,87.94652080154111,2,8.296359777414771,0.635643638230292
Use of sun/uv protection (Never/rarely),PGS000982,European,0,2,0.7315676773535694,0.6951103995719403
Use of sun/uv protection (Sometimes),PGS001535,European,0,2,0.20354087539125237,0.5936641861762288
Uterine fibroids,PGS001032,European,65.98428174775661,2,2.9398173884922993,0.7777663393251693
Varicose veins,PGS000937,European,54.50171307470445,2,2.197884948156219,0.6396448438165687
Vascular/heart problems diagnosed by doctor Angina,PGS001262,European,88.93601027754892,2,9.03833088321473,0.8006662760915675
Vascular/heart problems diagnosed by doctor Heart attack,PGS001317,European,0,2,0.0759673506001455,0.822540221680102
Vascular/heart problems diagnosed by doctor High BP,PGS001335,European,85.94344580296661,2,7.114119050677786,0.7164444593669006
Vitamin B9 vs no supplement,PGS001045,European,89.7936494264802,2,9.79782139361823,0.6082525892251499
Weight change compared with 1 year ago,PGS001006,European,72.74121256733483,2,3.6685417591307248,0.5823333963784855
Worrier / anxious feelings,PGS001021,European,75.48973765582124,2,4.0799236905658915,0.6140883978278507
Worry too long after embarrassment,PGS001022,European,94.19792336915442,2,17.23520841975268,0.594253310959662
breast cancer risk,PGS005378,African,0,3,0.2214914833607607,0.608732721664726
breast cancer risk,PGS005379,African,0,3,0.4912509454544424,0.6029272149752377
estrogen-receptor nagetive breast cancer risk,PGS005382,African,0,2,0.04552585137840392,0.610165377233648
estrogen-receptor negative breast cancer risk,PGS005383,African,0,2,0.6048427643384687,0.5994889560345921
estrogen-receptor positive breast cancer risk,PGS005380,African,0,2,0.6642944089414272,0.6231611832939103
estrogen-receptor positive breast cancer risk,PGS005381,African,31.292813246555323,2,1.455451819892574,0.6137030707123208
prevalent ischemic stroke cases,PGS000039,East Asian,99.16369545529878,2,119.57366563842749,0.6941716125281825
prevalent ischemic stroke cases,PGS002725,East Asian,99.01788700595816,2,101.82127780272464,0.7022061240578308
triple negative breast cancer risk,PGS005384,African,0,2,0.1621600862102068,0.6413181077019376
triple negative breast cancer risk,PGS005385,African,0,2,0.2033164592479986,0.627605479481171
triple negative breast cancer risk,PGS005386,African,0,2,0.7169281456311289,0.6302771893854079
triple negative breast cancer risk,PGS005387,African,0,2,0.18414522353749213,0.6301159963904274
type 1 diabetes,PGS012555,African,96.44091633553228,3,56.19423954449553,0.70776544424757315
type 1 diabetes,PGS012555,European,93.99942700517364,3,33.3301503327162,0.8214413194751046
