trait_id,trait_label,efo_id,efo_label,reported_trait,n_rows
custom:type_2_diabetes,Type 2 diabetes,NA,NA,Type 2 diabetes,271
custom:breast_cancer,Breast cancer,NA,NA,Breast cancer,111
custom:prediabetes,Prediabetes,NA,NA,Prediabetes,107
custom:type_2_diabetes,Type 2 diabetes,NA,NA,Type 2 Diabetes,107
custom:incident_t2d_in_prediabetics,Incident T2D in prediabetics,NA,NA,Incident T2D in prediabetics,101
custom:gout,Gout,NA,NA,Gout,89
custom:inflammatory_bowel_disease,Inflammatory bowel disease,NA,NA,Inflammatory bowel disease,88
custom:prostate_cancer,Prostate cancer,NA,NA,Prostate cancer,84
custom:chronic_kidney_disease_or_dialysis,Chronic kidney disease or dialysis,NA,NA,Chronic kidney disease or dialysis,78
custom:stroke_excluding_subarachnoid_hemorrhage,Stroke excluding subarachnoid hemorrhage,NA,NA,Stroke excluding subarachnoid hemorrhage,78
custom:colorectal_cancer,Colorectal cancer,NA,NA,Colorectal cancer,72
custom:breast_cancer,Breast cancer,NA,NA,Breast cancer [female],69
custom:seropositive_ra,Seropositive RA,NA,NA,Seropositive RA,60
custom:type_1_diabetes,Type 1 diabetes,NA,NA,T1D,60
custom:5_year_incident_prostate_cancer,5-year incident prostate cancer,NA,NA,5-year incident prostate cancer,50
custom:breast_carcinoma,Breast Carcinoma,NA,NA,Breast Carcinoma,50
custom:hypertension,Hypertension,NA,NA,Hypertension,48
custom:incident_type_2_diabetes,Incident type 2 diabetes,NA,NA,Incident type 2 diabetes,48
custom:prostate_cancer,Prostate cancer,NA,NA,Cancer of prostate,33
custom:coronary_heart_disease,Coronary heart disease,NA,NA,Coronary heart disease,28
custom:coronary_heart_disease,Coronary heart disease,NA,NA,Coronary artery disease,27
custom:thyroid_cancer,Thyroid cancer,NA,NA,Thyroid cancer,27
custom:melanomas_of_skin_dx_or_hx,"Melanomas of skin, dx or hx",NA,NA,"Melanomas of skin, dx or hx",25
custom:smoking_status,Smoking Status,NA,NA,Smoking Status,25
custom:ad,AD,NA,NA,AD,21
custom:malignant_neoplasm_of_ovary,Malignant neoplasm of ovary,NA,NA,Malignant neoplasm of ovary,21
custom:atrial_fibrillation,Atrial fibrillation,NA,NA,Atrial fibrillation,18
custom:coronary_heart_disease_incident_and_prevalent_,Coronary heart disease (incident and prevalent),NA,NA,Coronary heart disease (incident and prevalent),18
custom:basal_cell_carcinoma,Basal cell carcinoma,NA,NA,Basal cell carcinoma,17
custom:skin_cancer,Skin cancer,NA,NA,Skin cancer,17
custom:rheumatoid_arthritis,Rheumatoid arthritis,NA,NA,Rheumatoid arthritis,16
custom:systemic_lupus_erythematosus,Systemic lupus erythematosus,NA,NA,Systemic lupus erythematosus,16
custom:ankylosing_spondylitis,Ankylosing spondylitis,NA,NA,Ankylosing spondylitis,15
custom:cancer_of_bladder,Cancer of bladder,NA,NA,Cancer of bladder,15
custom:incident_coronary_heart_disease,Incident coronary heart disease,NA,NA,Incident coronary heart disease,15
custom:psoriasis,Psoriasis,NA,NA,Psoriasis,15
custom:sleep_apnea,Sleep Apnea,NA,NA,Sleep Apnea,15
custom:asthma,Asthma,NA,NA,Asthma,14
custom:glaucoma,Glaucoma,NA,NA,Glaucoma,13
custom:colon_cancer,Colon cancer,NA,NA,Colon cancer,12
custom:other_non_epithelial_cancer_of_skin,Other non-epithelial cancer of skin,NA,NA,Other non-epithelial cancer of skin,12
custom:lung_cancer,Lung cancer,NA,NA,Lung cancer,11
custom:multiple_sclerosis,Multiple sclerosis,NA,NA,Multiple sclerosis,11
custom:squamous_cell_carcinoma,Squamous cell carcinoma,NA,NA,Squamous cell carcinoma,11
custom:type_1_diabetes,Type 1 diabetes,NA,NA,Type 1 diabetes,11
custom:cancer_of_bronchus_lung,Cancer of bronchus; lung,NA,NA,Cancer of bronchus; lung,10
custom:essential_hypertension,Essential hypertension,NA,NA,Essential hypertension,10
custom:insomnia,Insomnia,NA,NA,Insomnia,10
custom:malignant_neoplasm_of_testis,Malignant neoplasm of testis,NA,NA,Malignant neoplasm of testis,10
custom:psoriatic_arthropathy,Psoriatic arthropathy,NA,NA,Psoriatic arthropathy,10
custom:thinness,Thinness,NA,NA,Thinness,10
custom:cancer_of_esophagus,Cancer of esophagus,NA,NA,Cancer of esophagus,9
custom:cataract,Cataract,NA,NA,Cataract,9
custom:cervical_cancer,Cervical cancer,NA,NA,Cervical cancer,9
custom:inguinal_hernia,Inguinal hernia,NA,NA,Inguinal hernia,9
custom:migraine,Migraine,NA,NA,Migraine,9
custom:type_1_diabetes,type 1 diabetes,NA,NA,type 1 diabetes,9
custom:major_depressive_disorder_status,Major Depressive Disorder status,NA,NA,Major Depressive Disorder status,8
custom:prevalent_coronary_heart_disease,Prevalent coronary heart disease,NA,NA,Prevalent coronary heart disease,8
custom:triple_negative_breast_cancer_risk,triple negative breast cancer risk,NA,NA,triple negative breast cancer risk,8
custom:alzheimer_s_disease,Alzheimer's disease,NA,NA,Alzheimer's disease,7
custom:cancer_of_mouth,Cancer of mouth,NA,NA,Cancer of mouth,7
custom:coeliac_disease,Coeliac disease,NA,NA,Coeliac disease,7
custom:incident_breast_cancer,Incident breast cancer,NA,NA,Incident breast cancer,7
custom:incident_colorectal_cancer,Incident colorectal cancer,NA,NA,Incident colorectal cancer,7
custom:malignant_neoplasm_of_uterus,Malignant neoplasm of uterus,NA,NA,Malignant neoplasm of uterus,7
custom:prevalent_ischemic_stroke_cases,prevalent ischemic stroke cases,NA,NA,prevalent ischemic stroke cases,7
custom:all_cause_dementia,All-cause dementia,NA,NA,All-cause dementia,6
custom:breast_cancer_risk,breast cancer risk,NA,NA,breast cancer risk,6
custom:calculus_of_kidney,Calculus of kidney,NA,NA,Calculus of kidney,6
custom:calculus_of_ureter,Calculus of ureter,NA,NA,Calculus of ureter,6
custom:cancer_of_brain,Cancer of brain,NA,NA,Cancer of brain,6
custom:cancer_of_tongue,Cancer of tongue,NA,NA,Cancer of tongue,6
custom:cancer_within_the_respiratory_system,Cancer within the respiratory system,NA,NA,Cancer within the respiratory system,6
custom:chronic_kidney_disease_stage_iii,Chronic Kidney Disease Stage III,NA,NA,Chronic Kidney Disease Stage III,6
custom:chronic_lymphocytic_thyroiditis,Chronic lymphocytic thyroiditis,NA,NA,Chronic lymphocytic thyroiditis,6
custom:chronic_thyroiditis,Chronic thyroiditis,NA,NA,Chronic thyroiditis,6
custom:coronary_artery_disease_prevalent_,Coronary artery disease (prevalent),NA,NA,Coronary artery disease (prevalent),6
custom:diabetes_autoantibody_positive_insulin_sensitive,Diabetes autoantibody positive insulin sensitive,NA,NA,Diabetes autoantibody positive insulin sensitive,6
custom:diabetes_mellitus,Diabetes mellitus,NA,NA,Diabetes mellitus,6
custom:diabetes_type_2_with_peripheral_circulatory_disorders,Diabetes type 2 with peripheral circulatory disorders,NA,NA,Diabetes type 2 with peripheral circulatory disorders,6
custom:diabetic_retinopathy,Diabetic retinopathy,NA,NA,Diabetic retinopathy,6
custom:diffuse_diseases_of_connective_tissue,Diffuse diseases of connective tissue,NA,NA,Diffuse diseases of connective tissue,6
custom:endometriosis,Endometriosis,NA,NA,Endometriosis,6
custom:erythematous_conditions,Erythematous conditions,NA,NA,Erythematous conditions,6
custom:gout_and_other_crystal_arthropathies,Gout and other crystal arthropathies,NA,NA,Gout and other crystal arthropathies,6
custom:gouty_arthropathy,Gouty arthropathy,NA,NA,Gouty arthropathy,6
custom:graves_disease,Graves disease,NA,NA,Graves disease,6
custom:hydronephrosis,Hydronephrosis,NA,NA,Hydronephrosis,6
custom:hypertensive_heart_and_or_renal_disease,Hypertensive heart and or renal disease,NA,NA,Hypertensive heart and or renal disease,6
custom:hypertensive_heart_disease,Hypertensive heart disease,NA,NA,Hypertensive heart disease,6
custom:hypothyroidism,Hypothyroidism,NA,NA,Hypothyroidism,6
custom:hypothyroidism_nos,Hypothyroidism NOS,NA,NA,Hypothyroidism NOS,6
custom:incident_invasive_melanoma,Incident invasive melanoma,NA,NA,Incident invasive melanoma,6
custom:incident_lung_cancer,Incident lung cancer,NA,NA,Incident lung cancer,6
custom:lupus_localized_and_systemic,Lupus localized and systemic,NA,NA,Lupus localized and systemic,6
custom:lymphoid_leukemia_chronic,"Lymphoid leukemia, chronic",NA,NA,"Lymphoid leukemia, chronic",6
custom:melanoma,Melanoma,NA,NA,Melanoma,6
custom:multiple_myeloma,Multiple myeloma,NA,NA,Multiple myeloma,6
custom:nephritis_and_nephropathy_in_diseases_classified_elsewhere,Nephritis and nephropathy in diseases classified elsewhere,NA,NA,Nephritis and nephropathy in diseases classified elsewhere,6
custom:nephritis_and_nephropathy_with_pathological_lesion,Nephritis and nephropathy with pathological lesion,NA,NA,Nephritis and nephropathy with pathological lesion,6
custom:obesity,Obesity,NA,NA,Obesity,6
custom:other_abnormal_blood_chemistry,Other abnormal blood chemistry,NA,NA,Other abnormal blood chemistry,6
custom:overweight_obesity_and_other_hyperalimentation,Overweight obesity and other hyperalimentation,NA,NA,Overweight obesity and other hyperalimentation,6
custom:polyneuropathy_in_diabetes,Polyneuropathy in diabetes,NA,NA,Polyneuropathy in diabetes,6
custom:psoriasis_and_related_disorders,Psoriasis and related disorders,NA,NA,Psoriasis and related disorders,6
custom:psoriasis_vulgaris,Psoriasis vulgaris,NA,NA,Psoriasis vulgaris,6
custom:sicca_syndrome,Sicca syndrome,NA,NA,Sicca syndrome,6
custom:thyroiditis,Thyroiditis,NA,NA,Thyroiditis,6
custom:thyrotoxicosis_with_or_without_goiter,Thyrotoxicosis with or without goiter,NA,NA,Thyrotoxicosis with or without goiter,6
custom:type_2_diabetes_t2d_,Type 2 diabetes (T2D),NA,NA,Type 2 diabetes (T2D),6
custom:type_2_diabetes_with_ketoacidosis,Type 2 diabetes with ketoacidosis,NA,NA,Type 2 diabetes with ketoacidosis,6
custom:type_2_diabetes_with_neurological_manifestations,Type 2 diabetes with neurological manifestations,NA,NA,Type 2 diabetes with neurological manifestations,6
custom:type_2_diabetes_with_ophthalmic_manifestations,Type 2 diabetes with ophthalmic manifestations,NA,NA,Type 2 diabetes with ophthalmic manifestations,6
custom:type_2_diabetes_with_renal_manifestations,Type 2 diabetes with renal manifestations,NA,NA,Type 2 diabetes with renal manifestations,6
custom:ulcerative_colitis,Ulcerative colitis,NA,NA,Ulcerative colitis,6
custom:urinary_calculus,Urinary calculus,NA,NA,Urinary calculus,6
custom:viral_hepatitis_b,Viral hepatitis B,NA,NA,Viral hepatitis B,6
custom:abdominal_aortic_aneurysm,Abdominal aortic aneurysm,NA,NA,Abdominal aortic aneurysm,5
custom:abdominal_hernia,Abdominal hernia,NA,NA,Abdominal hernia,5
custom:abnormal_findings_on_examination_of_urine,Abnormal findings on examination of urine,NA,NA,Abnormal findings on examination of urine,5
custom:abnormal_glucose,Abnormal glucose,NA,NA,Abnormal glucose,5
custom:abnormal_results_of_function_study_of_liver,Abnormal results of function study of liver,NA,NA,Abnormal results of function study of liver,5
custom:abnormal_tumor_markers,Abnormal tumor markers,NA,NA,Abnormal tumor markers,5
custom:acne,Acne,NA,NA,Acne,5
custom:acute_but_ill_defined_cerebrovascular_disease,Acute but ill defined cerebrovascular disease,NA,NA,Acute but ill defined cerebrovascular disease,5
custom:acute_upper_respiratory_infections_of_multiple_or_unspecified_sites,Acute upper respiratory infections of multiple or unspecified sites,NA,NA,Acute upper respiratory infections of multiple or unspecified sites,5
custom:alcohol_related_disorders,Alcohol related disorders,NA,NA,Alcohol related disorders,5
custom:alcoholism,Alcoholism,NA,NA,Alcoholism,5
custom:allergic_rhinitis,Allergic rhinitis,NA,NA,Allergic rhinitis,5
custom:alzheimers_disease,Alzheimers disease,NA,NA,Alzheimers disease,5
custom:anal_and_rectal_conditions,Anal and rectal conditions,NA,NA,Anal and rectal conditions,5
custom:angina,Angina,NA,NA,Angina,5
custom:arrhythmia_cardiac_nos,Arrhythmia cardiac NOS,NA,NA,Arrhythmia cardiac NOS,5
custom:arthropathy_nos,Arthropathy NOS,NA,NA,Arthropathy NOS,5
custom:ascvd,ASCVD,NA,NA,ASCVD,5
custom:atopic_contact_dermatitis_due_to_other_or_unspecified,Atopic contact dermatitis due to other or unspecified,NA,NA,Atopic contact dermatitis due to other or unspecified,5
custom:atrial_fibrillation_and_flutter,Atrial fibrillation and flutter,NA,NA,Atrial fibrillation and flutter,5
custom:benign_neoplasm_of_brain_and_other_parts_of_nervous_system,Benign neoplasm of brain and other parts of nervous system,NA,NA,Benign neoplasm of brain and other parts of nervous system,5
custom:benign_neoplasm_of_colon,Benign neoplasm of colon,NA,NA,Benign neoplasm of colon,5
custom:benign_neoplasm_of_other_parts_of_digestive_system,Benign neoplasm of other parts of digestive system,NA,NA,Benign neoplasm of other parts of digestive system,5
custom:benign_neoplasm_of_thyroid_glands,Benign neoplasm of thyroid glands,NA,NA,Benign neoplasm of thyroid glands,5
custom:benign_neoplasm_of_uterus,Benign neoplasm of uterus,NA,NA,Benign neoplasm of uterus,5
custom:breast_cancer_female,Breast cancer female,NA,NA,Breast cancer female,5
custom:bronchitis,Bronchitis,NA,NA,Bronchitis,5
custom:cancer_of_bronchus_lung,Cancer of bronchus lung,NA,NA,Cancer of bronchus lung,5
custom:cancer_of_larynx_pharynx_nasal_cavities,Cancer of larynx pharynx nasal cavities,NA,NA,Cancer of larynx pharynx nasal cavities,5
custom:cancer_of_liver_and_intrahepatic_bile_duct,Cancer of liver and intrahepatic bile duct,NA,NA,Cancer of liver and intrahepatic bile duct,5
custom:cancer_of_nasopharynx,Cancer of nasopharynx,NA,NA,Cancer of nasopharynx,5
custom:cancer_of_stomach,Cancer of stomach,NA,NA,Cancer of stomach,5
custom:cancer_suspected_or_other,Cancer suspected or other,NA,NA,Cancer suspected or other,5
custom:carbuncle_and_furuncle,Carbuncle and furuncle,NA,NA,Carbuncle and furuncle,5
custom:cardiac_dysrhythmias,Cardiac dysrhythmias,NA,NA,Cardiac dysrhythmias,5
custom:cellulitis_and_abscess_of_fingers_toes,Cellulitis and abscess of fingers toes,NA,NA,Cellulitis and abscess of fingers toes,5
custom:central_origin_vertigo,Central origin vertigo,NA,NA,Central origin vertigo,5
custom:cerebral_artery_occlusion_with_cerebral_infarction,Cerebral artery occlusion with cerebral infarction,NA,NA,Cerebral artery occlusion with cerebral infarction,5
custom:cerebral_ischemia,Cerebral ischemia,NA,NA,Cerebral ischemia,5
custom:cerebrovascular_disease,Cerebrovascular disease,NA,NA,Cerebrovascular disease,5
custom:cervical_cancer_and_dysplasia,Cervical cancer and dysplasia,NA,NA,Cervical cancer and dysplasia,5
custom:cervical_intraepithelial_neoplasia_cin_cervical_dysplasia,Cervical intraepithelial neoplasia CIN Cervical dysplasia,NA,NA,Cervical intraepithelial neoplasia CIN Cervical dysplasia,5
custom:cholelithiasis,Cholelithiasis,NA,NA,Cholelithiasis,5
custom:cholelithiasis_and_cholecystitis,Cholelithiasis and cholecystitis,NA,NA,Cholelithiasis and cholecystitis,5
custom:cholesterolosis_of_gallbladder,Cholesterolosis of gallbladder,NA,NA,Cholesterolosis of gallbladder,5
custom:chronic_hepatitis,Chronic hepatitis,NA,NA,Chronic hepatitis,5
custom:chronic_liver_disease_and_cirrhosis,Chronic liver disease and cirrhosis,NA,NA,Chronic liver disease and cirrhosis,5
custom:chronic_obstructive_asthma,Chronic obstructive asthma,NA,NA,Chronic obstructive asthma,5
custom:chronic_pharyngitis_and_nasopharyngitis,Chronic pharyngitis and nasopharyngitis,NA,NA,Chronic pharyngitis and nasopharyngitis,5
custom:chronic_renal_failure_ckd,Chronic renal failure CKD,NA,NA,Chronic renal failure CKD,5
custom:chronic_sinusitis,Chronic sinusitis,NA,NA,Chronic sinusitis,5
custom:cirrhosis,Cirrhosis,NA,NA,Cirrhosis,5
custom:cirrhosis_of_liver_without_mention_of_alcohol,Cirrhosis of liver without mention of alcohol,NA,NA,Cirrhosis of liver without mention of alcohol,5
custom:clinical_osteoarthritis,Clinical osteoarthritis,NA,NA,Clinical osteoarthritis,5
custom:coronary_atherosclerosis,Coronary atherosclerosis,NA,NA,Coronary atherosclerosis,5
custom:cough,Cough,NA,NA,Cough,5
custom:cyst_of_kidney_acquired,Cyst of kidney acquired,NA,NA,Cyst of kidney acquired,5
custom:cystic_mastopathy,Cystic mastopathy,NA,NA,Cystic mastopathy,5
custom:degeneration_of_macula_and_posterior_pole_of_retina,Degeneration of macula and posterior pole of retina,NA,NA,Degeneration of macula and posterior pole of retina,5
custom:delirium_dementia_and_amnestic_and_other_cognitive_disorders,Delirium dementia and amnestic and other cognitive disorders,NA,NA,Delirium dementia and amnestic and other cognitive disorders,5
custom:dementias,Dementias,NA,NA,Dementias,5
custom:depression,Depression,NA,NA,Depression,5
custom:dermatophytosis_of_nail,Dermatophytosis of nail,NA,NA,Dermatophytosis of nail,5
custom:dermatophytosis_of_the_body,Dermatophytosis of the body,NA,NA,Dermatophytosis of the body,5
custom:develomental_delays_and_disorders,Develomental delays and disorders,NA,NA,Develomental delays and disorders,5
custom:diseases_of_pancreas,Diseases of pancreas,NA,NA,Diseases of pancreas,5
custom:diseases_of_sebaceous_glands,Diseases of sebaceous glands,NA,NA,Diseases of sebaceous glands,5
custom:diseases_of_the_jaws,Diseases of the jaws,NA,NA,Diseases of the jaws,5
custom:disorder_of_skin_and_subcutaneous_tissue_nos,Disorder of skin and subcutaneous tissue NOS,NA,NA,Disorder of skin and subcutaneous tissue NOS,5
custom:disorders_involving_the_immune_mechanism,Disorders involving the immune mechanism,NA,NA,Disorders involving the immune mechanism,5
custom:disorders_of_iris_and_ciliary_body,Disorders of iris and ciliary body,NA,NA,Disorders of iris and ciliary body,5
custom:disorders_of_lipoid_metabolism,Disorders of lipoid metabolism,NA,NA,Disorders of lipoid metabolism,5
custom:disorders_of_menstruation_and_other_abnormal_bleeding_from_female_genital_tract,Disorders of menstruation and other abnormal bleeding from female genital tract,NA,NA,Disorders of menstruation and other abnormal bleeding from female genital tract,5
custom:disorders_of_muscle_ligament_and_fascia,Disorders of muscle ligament and fascia,NA,NA,Disorders of muscle ligament and fascia,5
custom:disorders_of_penis,Disorders of penis,NA,NA,Disorders of penis,5
custom:dizziness_and_giddiness_light_headedness_and_vertigo,Dizziness and giddiness Light headedness and vertigo,NA,NA,Dizziness and giddiness Light headedness and vertigo,5
custom:drinking_status,Drinking Status,NA,NA,Drinking Status,5
custom:duodenal_ulcer,Duodenal ulcer,NA,NA,Duodenal ulcer,5
custom:elevated_prostate_specific_antigen_psa,Elevated prostate specific antigen PSA,NA,NA,Elevated prostate specific antigen PSA,5
custom:end_stage_renal_disease,End stage renal disease,NA,NA,End stage renal disease,5
custom:epilepsy,Epilepsy,NA,NA,Epilepsy,5
custom:er_negative_breast_cancer,ER-negative breast cancer,NA,NA,ER-negative breast cancer,5
custom:er_positive_breast_cancer,ER-positive breast cancer,NA,NA,ER-positive breast cancer,5
custom:facial_nerve_disorders_cn7,Facial nerve disorders CN7,NA,NA,Facial nerve disorders CN7,5
custom:fasciitis,Fasciitis,NA,NA,Fasciitis,5
custom:fever_of_unknown_origin,Fever of unknown origin,NA,NA,Fever of unknown origin,5
custom:frequency_of_urination_and_polyuria,Frequency of urination and polyuria,NA,NA,Frequency of urination and polyuria,5
custom:generalized_anxiety_disorder,Generalized anxiety disorder,NA,NA,Generalized anxiety disorder,5
custom:gingival_and_periodontal_diseases,Gingival and periodontal diseases,NA,NA,Gingival and periodontal diseases,5
custom:gingivitis,Gingivitis,NA,NA,Gingivitis,5
custom:hearing_loss,Hearing loss,NA,NA,Hearing loss,5
custom:hemangioma_and_lymphangioma_any_site,Hemangioma and lymphangioma any site,NA,NA,Hemangioma and lymphangioma any site,5
custom:hematuria,Hematuria,NA,NA,Hematuria,5
custom:hepatitis_nos,Hepatitis NOS,NA,NA,Hepatitis NOS,5
custom:hereditary_hemolytic_anemias,Hereditary hemolytic anemias,NA,NA,Hereditary hemolytic anemias,5
custom:high_myopia_hm6_,High myopia (HM6),NA,NA,High myopia (HM6),5
custom:hypercholesterolemia,Hypercholesterolemia,NA,NA,Hypercholesterolemia,5
custom:hyperglyceridemia,Hyperglyceridemia,NA,NA,Hyperglyceridemia,5
custom:hyperlipidemia,Hyperlipidemia,NA,NA,Hyperlipidemia,5
custom:hyperplasia_of_prostate,Hyperplasia of prostate,NA,NA,Hyperplasia of prostate,5
custom:impaired_fasting_glucose,Impaired fasting glucose,NA,NA,Impaired fasting glucose,5
custom:incident_prostate_cancer,Incident prostate cancer,NA,NA,Incident prostate cancer,5
custom:inflammatory_and_toxic_neuropathy,Inflammatory and toxic neuropathy,NA,NA,Inflammatory and toxic neuropathy,5
custom:intracerebral_hemorrhage,Intracerebral hemorrhage,NA,NA,Intracerebral hemorrhage,5
custom:intracranial_hemorrhage,Intracranial hemorrhage,NA,NA,Intracranial hemorrhage,5
custom:iron_deficiency_anemia_secondary_to_blood_loss_chronic,Iron deficiency anemia secondary to blood loss chronic,NA,NA,Iron deficiency anemia secondary to blood loss chronic,5
custom:iron_deficiency_anemias,Iron deficiency anemias,NA,NA,Iron deficiency anemias,5
custom:iron_deficiency_anemias_unspecified_or_not_due_to_blood_loss,Iron deficiency anemias unspecified or not due to blood loss,NA,NA,Iron deficiency anemias unspecified or not due to blood loss,5
custom:irregular_menstrual_cycle,Irregular menstrual cycle,NA,NA,Irregular menstrual cycle,5
custom:ischemic_heart_disease,Ischemic Heart Disease,NA,NA,Ischemic Heart Disease,5
custom:keratitis,Keratitis,NA,NA,Keratitis,5
custom:labyrinthitis,Labyrinthitis,NA,NA,Labyrinthitis,5
custom:late_effects_of_cerebrovascular_disease,Late effects of cerebrovascular disease,NA,NA,Late effects of cerebrovascular disease,5
custom:low_myopia,Low myopia,NA,NA,Low myopia,5
custom:lump_or_mass_in_breast,Lump or mass in breast,NA,NA,Lump or mass in breast,5
custom:macular_degeneration_senile_of_retina_nos,Macular degeneration senile of retina NOS,NA,NA,Macular degeneration senile of retina NOS,5
custom:macular_puckering_of_retina,Macular puckering of retina,NA,NA,Macular puckering of retina,5
custom:malignant_neoplasm_of_bladder,Malignant neoplasm of bladder,NA,NA,Malignant neoplasm of bladder,5
custom:malignant_neoplasm_of_female_breast,Malignant neoplasm of female breast,NA,NA,Malignant neoplasm of female breast,5
custom:malignant_neoplasm_of_liver_primary,Malignant neoplasm of liver primary,NA,NA,Malignant neoplasm of liver primary,5
custom:malignant_neoplasm_of_rectum_rectosigmoid_junction_and_anus,Malignant neoplasm of rectum rectosigmoid junction and anus,NA,NA,Malignant neoplasm of rectum rectosigmoid junction and anus,5
custom:malignant_neoplasm_other,Malignant neoplasm other,NA,NA,Malignant neoplasm other,5
custom:manlignant_and_unknown_neoplasms_of_brain_and_nervous_system,Manlignant and unknown neoplasms of brain and nervous system,NA,NA,Manlignant and unknown neoplasms of brain and nervous system,5
custom:menieres_disease,Menieres disease,NA,NA,Menieres disease,5
custom:microscopic_hematuria,Microscopic hematuria,NA,NA,Microscopic hematuria,5
custom:mild_cognitive_impairment,Mild cognitive impairment,NA,NA,Mild cognitive impairment,5
custom:mixed_hyperlipidemia,Mixed hyperlipidemia,NA,NA,Mixed hyperlipidemia,5
custom:moderate_hyperopia,Moderate hyperopia,NA,NA,Moderate hyperopia,5
custom:moderate_myopia,Moderate myopia,NA,NA,Moderate myopia,5
custom:myocardial_infarction,Myocardial infarction,NA,NA,Myocardial infarction,5
custom:neoplasm_of_uncertain_behavior,Neoplasm of uncertain behavior,NA,NA,Neoplasm of uncertain behavior,5
custom:neoplasm_of_unspecified_nature_of_digestive_system,Neoplasm of unspecified nature of digestive system,NA,NA,Neoplasm of unspecified nature of digestive system,5
custom:nephritis_and_nephropathy_without_mention_of_glomerulonephritis,Nephritis and nephropathy without mention of glomerulonephritis,NA,NA,Nephritis and nephropathy without mention of glomerulonephritis,5
custom:nephritis_nephrosis_renal_sclerosis,Nephritis nephrosis renal sclerosis,NA,NA,Nephritis nephrosis renal sclerosis,5
custom:neurological_disorders,Neurological disorders,NA,NA,Neurological disorders,5
custom:noninflammatory_disorders_of_ovary_fallopian_tube_and_broad_ligament,Noninflammatory disorders of ovary fallopian tube and broad ligament,NA,NA,Noninflammatory disorders of ovary fallopian tube and broad ligament,5
custom:nonspecific_findings_on_examination_of_blood,Nonspecific findings on examination of blood,NA,NA,Nonspecific findings on examination of blood,5
custom:nontoxic_multinodular_goiter,Nontoxic multinodular goiter,NA,NA,Nontoxic multinodular goiter,5
custom:nontoxic_nodular_goiter,Nontoxic nodular goiter,NA,NA,Nontoxic nodular goiter,5
custom:nontoxic_uninodular_goiter,Nontoxic uninodular goiter,NA,NA,Nontoxic uninodular goiter,5
custom:occlusion_of_cerebral_arteries,Occlusion of cerebral arteries,NA,NA,Occlusion of cerebral arteries,5
custom:open_angle_glaucoma,Open angle glaucoma,NA,NA,Open angle glaucoma,5
custom:organic_or_persistent_insomnia,Organic or persistent insomnia,NA,NA,Organic or persistent insomnia,5
custom:osteoporosis_nos,Osteoporosis NOS,NA,NA,Osteoporosis NOS,5
custom:osteoporosis_osteopenia_and_pathological_fracture,Osteoporosis osteopenia and pathological fracture,NA,NA,Osteoporosis osteopenia and pathological fracture,5
custom:other_and_nonspecific_abnormal_cytological_histological_and_immunological_findings,Other and nonspecific abnormal cytological histological and immunological findings,NA,NA,Other and nonspecific abnormal cytological histological and immunological findings,5
custom:other_and_unspecified_disorders_of_back,Other and unspecified disorders of back,NA,NA,Other and unspecified disorders of back,5
custom:other_anemias,Other anemias,NA,NA,Other anemias,5
custom:other_arthropathies,Other arthropathies,NA,NA,Other arthropathies,5
custom:other_biliary_tract_disease,Other biliary tract disease,NA,NA,Other biliary tract disease,5
custom:other_cerebral_degenerations,Other cerebral degenerations,NA,NA,Other cerebral degenerations,5
custom:other_chronic_ischemic_heart_disease_unspecified,Other chronic ischemic heart disease unspecified,NA,NA,Other chronic ischemic heart disease unspecified,5
custom:other_chronic_nonalcoholic_liver_disease,Other chronic nonalcoholic liver disease,NA,NA,Other chronic nonalcoholic liver disease,5
custom:other_disorders_of_cervical_region,Other disorders of cervical region,NA,NA,Other disorders of cervical region,5
custom:other_disorders_of_eye,Other disorders of eye,NA,NA,Other disorders of eye,5
custom:other_disorders_of_liver,Other disorders of liver,NA,NA,Other disorders of liver,5
custom:other_disorders_of_metabolism,Other disorders of metabolism,NA,NA,Other disorders of metabolism,5
custom:other_disorders_of_pancreatic_internal_secretion,Other disorders of pancreatic internal secretion,NA,NA,Other disorders of pancreatic internal secretion,5
custom:other_disorders_of_purine_and_pyrimidine_metabolism,Other disorders of purine and pyrimidine metabolism,NA,NA,Other disorders of purine and pyrimidine metabolism,5
custom:other_disorders_of_the_kidney_and_ureters,Other disorders of the kidney and ureters,NA,NA,Other disorders of the kidney and ureters,5
custom:other_disorders_of_thyroid,Other disorders of thyroid,NA,NA,Other disorders of thyroid,5
custom:other_disorders_of_urethra_and_urinary_tract,Other disorders of urethra and urinary tract,NA,NA,Other disorders of urethra and urinary tract,5
custom:other_forms_of_chronic_heart_disease,Other forms of chronic heart disease,NA,NA,Other forms of chronic heart disease,5
custom:other_hypertensive_complications,Other hypertensive complications,NA,NA,Other hypertensive complications,5
custom:other_inflammatory_spondylopathies,Other inflammatory spondylopathies,NA,NA,Other inflammatory spondylopathies,5
custom:other_mental_disorder,Other mental disorder,NA,NA,Other mental disorder,5
custom:other_nonmalignant_breast_conditions,Other nonmalignant breast conditions,NA,NA,Other nonmalignant breast conditions,5
custom:other_nonspecific_findings_on_examination_of_urine,Other nonspecific findings on examination of urine,NA,NA,Other nonspecific findings on examination of urine,5
custom:other_persistent_mental_disorders_due_to_conditions_classified_elsewhere,Other persistent mental disorders due to conditions classified elsewhere,NA,NA,Other persistent mental disorders due to conditions classified elsewhere,5
custom:other_retinal_disorders,Other retinal disorders,NA,NA,Other retinal disorders,5
custom:other_signs_and_symptoms_in_breast,Other signs and symptoms in breast,NA,NA,Other signs and symptoms in breast,5
custom:other_specified_disorders_involving_the_immune_mechanism,Other specified disorders involving the immune mechanism,NA,NA,Other specified disorders involving the immune mechanism,5
custom:other_specified_nonpsychotic_and_or_transient_mental_disorders,Other specified nonpsychotic and or transient mental disorders,NA,NA,Other specified nonpsychotic and or transient mental disorders,5
custom:other_venous_embolism_and_thrombosis,Other venous embolism and thrombosis,NA,NA,Other venous embolism and thrombosis,5
custom:pain_in_limb,Pain in limb,NA,NA,Pain in limb,5
custom:palindromic_rheumatism,Palindromic rheumatism,NA,NA,Palindromic rheumatism,5
custom:parasomnia,Parasomnia,NA,NA,Parasomnia,5
custom:parkinson_s_disease,Parkinson's disease,NA,NA,Parkinson's disease,5
custom:paroxysmal_tachycardia_unspecified,Paroxysmal tachycardia unspecified,NA,NA,Paroxysmal tachycardia unspecified,5
custom:peptic_ulcer_excl_esophageal,Peptic ulcer excl esophageal,NA,NA,Peptic ulcer excl esophageal,5
custom:periodontitis_acute_or_chronic,Periodontitis acute or chronic,NA,NA,Periodontitis acute or chronic,5
custom:peripheral_or_central_vertigo,Peripheral or central vertigo,NA,NA,Peripheral or central vertigo,5
custom:peripheral_retinal_degenerations,Peripheral retinal degenerations,NA,NA,Peripheral retinal degenerations,5
custom:pneumonia,Pneumonia,NA,NA,Pneumonia,5
custom:premature_beats,Premature beats,NA,NA,Premature beats,5
custom:radiographic_osteoarthritis,Radiographic osteoarthritis,NA,NA,Radiographic osteoarthritis,5
custom:renal_failure,Renal failure,NA,NA,Renal failure,5
custom:retention_of_urine,Retention of urine,NA,NA,Retention of urine,5
custom:retinal_detachments_and_defects,Retinal detachments and defects,NA,NA,Retinal detachments and defects,5
custom:rheumatism_unspecified_and_fibrositis,Rheumatism unspecified and fibrositis,NA,NA,Rheumatism unspecified and fibrositis,5
custom:rheumatoid_arthritis_and_other_inflammatory_polyarthropathies,Rheumatoid arthritis and other inflammatory polyarthropathies,NA,NA,Rheumatoid arthritis and other inflammatory polyarthropathies,5
custom:sciatica,Sciatica,NA,NA,Sciatica,5
custom:secondary_malignancy_of_bone,Secondary malignancy of bone,NA,NA,Secondary malignancy of bone,5
custom:secondary_malignant_neoplasm,Secondary malignant neoplasm,NA,NA,Secondary malignant neoplasm,5
custom:senile_dementia,Senile dementia,NA,NA,Senile dementia,5
custom:sensorineural_hearing_loss,Sensorineural hearing loss,NA,NA,Sensorineural hearing loss,5
custom:simple_and_unspecified_goiter,Simple and unspecified goiter,NA,NA,Simple and unspecified goiter,5
custom:sleep_related_movement_disorders,Sleep related movement disorders,NA,NA,Sleep related movement disorders,5
custom:specific_nonpsychotic_mental_disorders_due_to_brain_damage,Specific nonpsychotic mental disorders due to brain damage,NA,NA,Specific nonpsychotic mental disorders due to brain damage,5
custom:stomatitis_and_mucositis,Stomatitis and mucositis,NA,NA,Stomatitis and mucositis,5
custom:suppurative_and_unspecified_otitis_media,Suppurative and unspecified otitis media,NA,NA,Suppurative and unspecified otitis media,5
custom:symptoms_of_the_muscles,Symptoms of the muscles,NA,NA,Symptoms of the muscles,5
custom:temporomandibular_joint_disorders,Temporomandibular joint disorders,NA,NA,Temporomandibular joint disorders,5
custom:thyroid_cyst,Thyroid cyst,NA,NA,Thyroid cyst,5
custom:tinnitus,Tinnitus,NA,NA,Tinnitus,5
custom:unspecified_diffuse_connective_tissue_disease,Unspecified diffuse connective tissue disease,NA,NA,Unspecified diffuse connective tissue disease,5
custom:unspecified_disorder_of_lipoid_metabolism,Unspecified disorder of lipoid metabolism,NA,NA,Unspecified disorder of lipoid metabolism,5
custom:unspecified_polyarthropathy_or_polyarthritis,Unspecified polyarthropathy or polyarthritis,NA,NA,Unspecified polyarthropathy or polyarthritis,5
custom:urinary_tract_infection,Urinary tract infection,NA,NA,Urinary tract infection,5
custom:urticaria,Urticaria,NA,NA,Urticaria,5
custom:uterine_leiomyoma,Uterine leiomyoma,NA,NA,Uterine leiomyoma,5
custom:uveitis_noninfectious_or_nos,Uveitis noninfectious or NOS,NA,NA,Uveitis noninfectious or NOS,5
custom:vertiginous_syndromes_and_other_disorders_of_vestibular_system,Vertiginous syndromes and other disorders of vestibular system,NA,NA,Vertiginous syndromes and other disorders of vestibular system,5
custom:viral_hepatitis,Viral hepatitis,NA,NA,Viral hepatitis,5
custom:viral_warts_hpv,Viral warts HPV,NA,NA,Viral warts HPV,5
custom:visual_disturbances,Visual disturbances,NA,NA,Visual disturbances,5
custom:ad_all_cause_dementia,AD all cause dementia,NA,NA,AD all cause dementia,4
custom:ad_asthma,AD asthma,NA,NA,AD asthma,4
custom:ad_chronic_obstructive_pulmonary_disease,AD chronic obstructive pulmonary disease,NA,NA,AD chronic obstructive pulmonary disease,4
custom:ad_myocardial_infarction,AD myocardial infarction,NA,NA,AD myocardial infarction,4
custom:ad_nstemi,AD NSTEMI,NA,NA,AD NSTEMI,4
custom:alcohol_consumed,Alcohol consumed,NA,NA,Alcohol consumed,4
custom:alcohol_intake_versus_10_years_previously_more_nowadays_,Alcohol intake versus 10 years previously (More nowadays),NA,NA,Alcohol intake versus 10 years previously (More nowadays),4
custom:alzheimer_s_dementia_fh_,Alzheimer's/dementia (FH),NA,NA,Alzheimer's/dementia (FH),4
custom:any_cancer,Any Cancer,NA,NA,Any Cancer,4
custom:apparent_treatment_resistant_hypertension,Apparent Treatment-Resistant Hypertension,NA,NA,Apparent Treatment-Resistant Hypertension,4
custom:arthritis_nos_,Arthritis (nos),NA,NA,Arthritis (nos),4
custom:aspirin,Aspirin,NA,NA,Aspirin,4
custom:aspirin_use_self_reported,Aspirin use self-reported,NA,NA,Aspirin use self-reported,4
custom:asthma_diagnosed_by_doctor,Asthma diagnosed by doctor,NA,NA,Asthma diagnosed by doctor,4
custom:asthma_ever_at_age_8_years,"Asthma ever, at age 8 years",NA,NA,"Asthma ever, at age 8 years",4
custom:atherosclerotic_cardiovascular_disease_incident_and_prevalent_,Atherosclerotic cardiovascular disease (incident and prevalent),NA,NA,Atherosclerotic cardiovascular disease (incident and prevalent),4
custom:atrial_flutter,Atrial flutter,NA,NA,Atrial flutter,4
custom:blood_clot_diagnosed_by_doctor,Blood clot diagnosed by doctor,NA,NA,Blood clot diagnosed by doctor,4
custom:blood_clot_in_the_leg_dvt_,Blood clot in the leg (DVT),NA,NA,Blood clot in the leg (DVT),4
custom:blood_clot_in_the_leg_dvt_or_lung,Blood clot in the leg (DVT) or lung,NA,NA,Blood clot in the leg (DVT) or lung,4
custom:blood_clot_in_the_lung,Blood clot in the lung,NA,NA,Blood clot in the lung,4
custom:blood_clot_or_dvt_diagnosed_by_doctor,Blood clot or DVT diagnosed by doctor,NA,NA,Blood clot or DVT diagnosed by doctor,4
custom:breast_cancer_fh_,Breast cancer (FH),NA,NA,Breast cancer (FH),4
custom:cereal_type_biscuit_cereal_e_g_weetabix_,Cereal type: Biscuit cereal (e.g. Weetabix),NA,NA,Cereal type: Biscuit cereal (e.g. Weetabix),4
custom:cereal_type_other_e_g_cornflakes_frosties_,"Cereal type: Other (e.g. Cornflakes, Frosties)",NA,NA,"Cereal type: Other (e.g. Cornflakes, Frosties)",4
custom:cholecystitis,Cholecystitis,NA,NA,Cholecystitis,4
custom:chronic_bronchitis_emphysema_fh_,Chronic bronchitis/emphysema (FH),NA,NA,Chronic bronchitis/emphysema (FH),4
custom:chronic_obstructive_airways_disease_copd,Chronic obstructive airways disease/copd,NA,NA,Chronic obstructive airways disease/copd,4
custom:chronic_rhinosinusitis,Chronic rhinosinusitis,NA,NA,Chronic rhinosinusitis,4
custom:coffee_consumed,Coffee consumed,NA,NA,Coffee consumed,4
custom:coffee_type_ground_coffee_include_espresso_filter_etc_,"Coffee type: Ground coffee (include espresso, filter etc)",NA,NA,"Coffee type: Ground coffee (include espresso, filter etc)",4
custom:coffee_type_instant_coffee,Coffee type: Instant coffee,NA,NA,Coffee type: Instant coffee,4
custom:connective_tissue_disorder,Connective tissue disorder,NA,NA,Connective tissue disorder,4
custom:dentures,Dentures,NA,NA,Dentures,4
custom:diabetes,Diabetes,NA,NA,Diabetes,4
custom:diabetes_fh_,Diabetes (FH),NA,NA,Diabetes (FH),4
custom:diverticular_disease_diverticulitis,Diverticular disease/diverticulitis,NA,NA,Diverticular disease/diverticulitis,4
custom:doctor_diagnosed_asthma,Doctor diagnosed asthma,NA,NA,Doctor diagnosed asthma,4
custom:doctor_diagnosed_hayfever_or_allergic_rhinitis,Doctor diagnosed hayfever or allergic rhinitis,NA,NA,Doctor diagnosed hayfever or allergic rhinitis,4
custom:dvt,DVT,NA,NA,DVT,4
custom:dvt_diagnosed_by_doctor,DVT diagnosed by doctor,NA,NA,DVT diagnosed by doctor,4
custom:ease_of_skin_tanning_get_mildly_or_occasionally_tanned_,Ease of skin tanning (Get mildly or occasionally tanned),NA,NA,Ease of skin tanning (Get mildly or occasionally tanned),4
custom:ease_of_skin_tanning_get_moderately_tanned_,Ease of skin tanning (Get moderately tanned),NA,NA,Ease of skin tanning (Get moderately tanned),4
custom:ease_of_skin_tanning_get_very_tanned_,Ease of skin tanning (Get very tanned),NA,NA,Ease of skin tanning (Get very tanned),4
custom:ease_of_skin_tanning_never_tan_only_burn_,"Ease of skin tanning (Never tan, only burn)",NA,NA,"Ease of skin tanning (Never tan, only burn)",4
custom:eczema_dermatitis,Eczema/dermatitis,NA,NA,Eczema/dermatitis,4
custom:emphysema,Emphysema,NA,NA,Emphysema,4
custom:enlarged_prostate,Enlarged prostate,NA,NA,Enlarged prostate,4
custom:enthesitis_related_arthritis,Enthesitis-related Arthritis,NA,NA,Enthesitis-related Arthritis,4
custom:epithelial_non_mucinous_ovarian_cancer,Epithelial non-mucinous ovarian cancer,NA,NA,Epithelial non-mucinous ovarian cancer,4
custom:epithelial_ovarian_cancer,Epithelial ovarian cancer,NA,NA,Epithelial ovarian cancer,4
custom:estrogen_receptor_positive_breast_cancer_risk,estrogen-receptor positive breast cancer risk,NA,NA,estrogen-receptor positive breast cancer risk,4
custom:eye_problems_disorders_diabetic_eye_disease,Eye problems/disorders Diabetic eye disease,NA,NA,Eye problems/disorders Diabetic eye disease,4
custom:eye_problems_disorders_glaucoma,Eye problems/disorders Glaucoma,NA,NA,Eye problems/disorders Glaucoma,4
custom:eye_problems_disorders_macular_degeneration,Eye problems/disorders Macular degeneration,NA,NA,Eye problems/disorders Macular degeneration,4
custom:facial_ageing_about_your_age_,Facial ageing (About your age),NA,NA,Facial ageing (About your age),4
custom:facial_ageing_older_than_you_are_,Facial ageing (Older than you are),NA,NA,Facial ageing (Older than you are),4
custom:facial_ageing_younger_than_you_are_,Facial ageing (Younger than you are),NA,NA,Facial ageing (Younger than you are),4
custom:folic_acid_or_folate_vitamin_b9_,Folic acid or folate (Vitamin B9),NA,NA,Folic acid or folate (Vitamin B9),4
custom:fracture_forearm_wrist,Fracture forearm / wrist,NA,NA,Fracture forearm / wrist,4
custom:fracture_radius,Fracture radius,NA,NA,Fracture radius,4
custom:gallstones,Gallstones,NA,NA,Gallstones,4
custom:glucosamine,Glucosamine,NA,NA,Glucosamine,4
custom:haemorrhoids_piles,Haemorrhoids / piles,NA,NA,Haemorrhoids / piles,4
custom:hair_colour_natural_before_greying_black,"Hair colour (natural, before greying) black",NA,NA,"Hair colour (natural, before greying) black",4
custom:hair_colour_natural_before_greying_brown,"Hair colour (natural, before greying) brown",NA,NA,"Hair colour (natural, before greying) brown",4
custom:hair_colour_natural_before_greying_dark_brown,"Hair colour (natural, before greying) dark brown",NA,NA,"Hair colour (natural, before greying) dark brown",4
custom:hair_colour_natural_before_greying_light_brown,"Hair colour (natural, before greying) light brown",NA,NA,"Hair colour (natural, before greying) light brown",4
custom:hair_colour_natural_before_greying_other,"Hair colour (natural, before greying) other",NA,NA,"Hair colour (natural, before greying) other",4
custom:hayfever_allergic_rhinitis,Hayfever/allergic rhinitis,NA,NA,Hayfever/allergic rhinitis,4
custom:hayfever_allergic_rhinitis_or_eczema,Hayfever allergic rhinitis or eczema,NA,NA,Hayfever allergic rhinitis or eczema,4
custom:hayfever_rhinitis_or_eczema_diagnosed_by_doctor,Hayfever rhinitis or eczema diagnosed by doctor,NA,NA,Hayfever rhinitis or eczema diagnosed by doctor,4
custom:hearing_difficulty,Hearing difficulty,NA,NA,Hearing difficulty,4
custom:hearing_difficulty_and_deafness,Hearing difficulty and Deafness,NA,NA,Hearing difficulty and Deafness,4
custom:heart_attack_mi_,Heart attack (MI),NA,NA,Heart attack (MI),4
custom:hepatocellular_carcinoma,Hepatocellular carcinoma,NA,NA,Hepatocellular carcinoma,4
custom:hiatus_hernia,Hiatus hernia,NA,NA,Hiatus hernia,4
custom:high_bp_fh_,High BP (FH),NA,NA,High BP (FH),4
custom:high_cholesterol,High cholesterol,NA,NA,High cholesterol,4
custom:high_myopia_hm5_,High myopia (HM5),NA,NA,High myopia (HM5),4
custom:hodgkin_s_disease,Hodgkin's disease,NA,NA,Hodgkin's disease,4
custom:hyperthyroidism_thyrotoxicosis,Hyperthyroidism/thyrotoxicosis,NA,NA,Hyperthyroidism/thyrotoxicosis,4
custom:hypertrophic_cardiomyopathy,Hypertrophic cardiomyopathy,NA,NA,Hypertrophic cardiomyopathy,4
custom:hypothyroidism_myxoedema,Hypothyroidism/myxoedema,NA,NA,Hypothyroidism/myxoedema,4
custom:ibuprofen_e_g_nurofen_,Ibuprofen (e.g. Nurofen),NA,NA,Ibuprofen (e.g. Nurofen),4
custom:ibuprofen_use_self_reported,Ibuprofen use self-reported,NA,NA,Ibuprofen use self-reported,4
custom:incident_chronic_obstructive_pulmonary_disease_before_age_50_years,Incident chronic obstructive pulmonary disease before age 50 years,NA,NA,Incident chronic obstructive pulmonary disease before age 50 years,4
custom:incident_primary_breast_cancer,Incident primary breast cancer,NA,NA,Incident primary breast cancer,4
custom:jcv_seropositivity_for_human_polyomavirus_jcv,JCV seropositivity for Human Polyomavirus JCV,NA,NA,JCV seropositivity for Human Polyomavirus JCV,4
custom:juvenile_idiopathic_arthritis,Juvenile Idiopathic Arthritis,NA,NA,Juvenile Idiopathic Arthritis,4
custom:ldl_c_blood_concentration,LDL-c blood concentration,NA,NA,LDL-c blood concentration,4
custom:leisure_social_activities_attend_adult_edication_class_in_once_a_week_or_more_often_,Leisure/social activities (attend adult edication class in once a week or more often),NA,NA,Leisure/social activities (attend adult edication class in once a week or more often),4
custom:leisure_social_activities_attend_any_of_the_followings_in_once_a_week_or_more_often_sports_club_gym_pub_social_club_religious_group_adult_edication_class_or_other_group_activity_,"Leisure/social activities (attend any of the followings in once a week or more often: sports club, gym, pub, social club, religious group, adult edication class, or other group activity)",NA,NA,"Leisure/social activities (attend any of the followings in once a week or more often: sports club, gym, pub, social club, religious group, adult edication class, or other group activity)",4
custom:leisure_social_activities_attend_sports_club_or_gym_in_once_a_week_or_more_often_,Leisure/social activities (attend sports club or gym in once a week or more often),NA,NA,Leisure/social activities (attend sports club or gym in once a week or more often),4
custom:light_smokers_at_least_100_smokes_in_lifetime,"Light smokers, at least 100 smokes in lifetime",NA,NA,"Light smokers, at least 100 smokes in lifetime",4
custom:loneliness_isolation,"Loneliness, isolation",NA,NA,"Loneliness, isolation",4
custom:lung_cancer_fh_,Lung cancer (FH),NA,NA,Lung cancer (FH),4
custom:major_dietary_changes_in_the_last_5_years_becuase_of_illness,Major dietary changes in the last 5 years becuase of illness,NA,NA,Major dietary changes in the last 5 years becuase of illness,4
custom:male_genital_tract_cancer,Male genital tract cancer,NA,NA,Male genital tract cancer,4
custom:malignant_melanoma,Malignant melanoma,NA,NA,Malignant melanoma,4
custom:mcv_seropositivity_for_merkel_cell_polyomavirus,MCV seropositivity for Merkel Cell Polyomavirus,NA,NA,MCV seropositivity for Merkel Cell Polyomavirus,4
custom:microalbumin_40_mg_l,Microalbumin > 40 mg/L,NA,NA,Microalbumin > 40 mg/L,4
custom:milk_type_skimmed,Milk type: Skimmed,NA,NA,Milk type: Skimmed,4
custom:mouth_ulcers,Mouth ulcers,NA,NA,Mouth ulcers,4
custom:myocardial_injury_following_non_cardiac_surgery,Myocardial injury following non cardiac surgery,NA,NA,Myocardial injury following non cardiac surgery,4
custom:nasal_polyps,Nasal polyps,NA,NA,Nasal polyps,4
custom:nasal_polyps_in_individuals_with_chronic_rhinosinusitis,Nasal polyps in individuals with chronic rhinosinusitis,NA,NA,Nasal polyps in individuals with chronic rhinosinusitis,4
custom:never_eat_sugar,Never eat sugar,NA,NA,Never eat sugar,4
custom:never_eat_wheat,Never eat wheat,NA,NA,Never eat wheat,4
custom:never_smoker,Never Smoker,NA,NA,Never Smoker,4
custom:non_melanoma_skin_cancer,Non-melanoma skin cancer,NA,NA,Non-melanoma skin cancer,4
custom:obesity_bmi_30_,Obesity (BMI≥30),NA,NA,Obesity (BMI≥30),4
custom:obesity_in_individuals_aged_12_15_9,Obesity in individuals aged 12-15.9,NA,NA,Obesity in individuals aged 12-15.9,4
custom:obesity_in_individuals_aged_16_17_9,Obesity in individuals aged 16-17.9,NA,NA,Obesity in individuals aged 16-17.9,4
custom:obesity_in_individuals_aged_18_23_9,Obesity in individuals aged 18-23.9,NA,NA,Obesity in individuals aged 18-23.9,4
custom:obesity_in_individuals_aged_30_69_9,Obesity in individuals aged 30-69.9,NA,NA,Obesity in individuals aged 30-69.9,4
custom:occurrence_of_breast_cancer,Occurrence of breast cancer,NA,NA,Occurrence of breast cancer,4
custom:oestradiol_212_pmol_l,Oestradiol > 212 pmol/L,NA,NA,Oestradiol > 212 pmol/L,4
custom:often_felt_loved_as_a_child,Often felt loved as a child,NA,NA,Often felt loved as a child,4
custom:oligoarthritis_juvenile_idiophatic_arthritis,Oligoarthritis Juvenile Idiophatic Arthritis,NA,NA,Oligoarthritis Juvenile Idiophatic Arthritis,4
custom:osteoarthritis,Osteoarthritis,NA,NA,Osteoarthritis,4
custom:osteoporosis,Osteoporosis,NA,NA,Osteoporosis,4
custom:overweight_in_individuals_aged_12_15_9,Overweight in individuals aged 12-15.9,NA,NA,Overweight in individuals aged 12-15.9,4
custom:overweight_in_individuals_aged_14_29_9,Overweight in individuals aged 14-29.9,NA,NA,Overweight in individuals aged 14-29.9,4
custom:overweight_in_individuals_aged_16_17_9,Overweight in individuals aged 16-17.9,NA,NA,Overweight in individuals aged 16-17.9,4
custom:overweight_in_individuals_aged_18_23_9,Overweight in individuals aged 18-23.9,NA,NA,Overweight in individuals aged 18-23.9,4
custom:overweight_in_individuals_aged_30_69_9,Overweight in individuals aged 30-69.9,NA,NA,Overweight in individuals aged 30-69.9,4
custom:pancreatic_cancer,Pancreatic cancer,NA,NA,Pancreatic cancer,4
custom:paracetamol_use_self_reported,Paracetamol use self-reported,NA,NA,Paracetamol use self-reported,4
custom:past_tobacco_smoking_smoked_at_least_once_,Past tobacco smoking (Smoked at least once),NA,NA,Past tobacco smoking (Smoked at least once),4
custom:past_tobacco_smoking_smoked_occasionally_,Past tobacco smoking (Smoked occasionally),NA,NA,Past tobacco smoking (Smoked occasionally),4
custom:pe_dvt,PE +/- DVT,NA,NA,PE +/- DVT,4
custom:pediatric_asthma,Pediatric asthma,NA,NA,Pediatric asthma,4
custom:polymyalgia_rheumatica,Polymyalgia rheumatica,NA,NA,Polymyalgia rheumatica,4
custom:prevelant_hypertension,Prevelant hypertension,NA,NA,Prevelant hypertension,4
custom:previous_smoker,Previous Smoker,NA,NA,Previous Smoker,4
custom:primary_open_angle_glaucoma_poag_,Primary open-angle glaucoma (POAG),NA,NA,Primary open-angle glaucoma (POAG),4
custom:prolapsed_disc_slipped_disc,Prolapsed disc/slipped disc,NA,NA,Prolapsed disc/slipped disc,4
custom:prostate_cancer_fh_,Prostate cancer (FH),NA,NA,Prostate cancer (FH),4
custom:pulmonary_fibrosis,Pulmonary fibrosis,NA,NA,Pulmonary fibrosis,4
custom:retinal_detachment,Retinal detachment,NA,NA,Retinal detachment,4
custom:rheumatoid_arhtirits_diagnosis_in_patient_with_arthritis,Rheumatoid arhtirits diagnosis in patient with arthritis,NA,NA,Rheumatoid arhtirits diagnosis in patient with arthritis,4
custom:rheumatoid_factor_16_iu_ml,Rheumatoid factor > 16 IU/mL,NA,NA,Rheumatoid factor > 16 IU/mL,4
custom:rheumatoid_factor_negative_polyarthritis,Rheumatoid-factor-negative Polyarthritis,NA,NA,Rheumatoid-factor-negative Polyarthritis,4
custom:risk_of_hospitalization_covid_19_,Risk of hospitalization (COVID-19),NA,NA,Risk of hospitalization (COVID-19),4
custom:risk_of_severe_disease_covid_19_,Risk of severe disease (COVID-19),NA,NA,Risk of severe disease (COVID-19),4
custom:risk_taking,Risk taking,NA,NA,Risk taking,4
custom:schizophrenia,Schizophrenia,NA,NA,Schizophrenia,4
custom:sensitivity_hurt_feelings,Sensitivity / hurt feelings,NA,NA,Sensitivity / hurt feelings,4
custom:sjogren_s_syndrome_sicca_syndrome,Sjogren's syndrome/sicca syndrome,NA,NA,Sjogren's syndrome/sicca syndrome,4
custom:snoring,Snoring,NA,NA,Snoring,4
custom:started_insulin_within_one_year_diagnosis_of_diabetes,Started insulin within one year diagnosis of diabetes,NA,NA,Started insulin within one year diagnosis of diabetes,4
custom:suffer_from_nerves_,Suffer from 'nerves',NA,NA,Suffer from 'nerves',4
custom:taking_other_prescription_medications,Taking other prescription medications,NA,NA,Taking other prescription medications,4
custom:tobacco_smoking_ever_vs_no,Tobacco smoking ever vs no,NA,NA,Tobacco smoking ever vs no,4
custom:total_hip_replacement,Total hip replacement,NA,NA,Total hip replacement,4
custom:tte_acute_appendicitis,TTE acute appendicitis,NA,NA,TTE acute appendicitis,4
custom:tte_acute_myocardial_infarction,TTE acute myocardial infarction,NA,NA,TTE acute myocardial infarction,4
custom:tte_angina_pectoris,TTE angina pectoris,NA,NA,TTE angina pectoris,4
custom:tte_ankylosing_spondylitis,TTE ankylosing spondylitis,NA,NA,TTE ankylosing spondylitis,4
custom:tte_asthma,TTE asthma,NA,NA,TTE asthma,4
custom:tte_atrial_fibrillation_and_flutter,TTE atrial fibrillation and flutter,NA,NA,TTE atrial fibrillation and flutter,4
custom:tte_calculus_of_kidney_and_ureter,TTE calculus of kidney and ureter,NA,NA,TTE calculus of kidney and ureter,4
custom:tte_cholecystitis,TTE cholecystitis,NA,NA,TTE cholecystitis,4
custom:tte_cholelithiasis,TTE cholelithiasis,NA,NA,TTE cholelithiasis,4
custom:tte_chronic_ischaemic_heart_disease,TTE chronic ischaemic heart disease,NA,NA,TTE chronic ischaemic heart disease,4
custom:tte_chronic_renal_failure,TTE chronic renal failure,NA,NA,TTE chronic renal failure,4
custom:tte_coxarthrosis_arthrosis_of_hip_,TTE coxarthrosis [arthrosis of hip],NA,NA,TTE coxarthrosis [arthrosis of hip],4
custom:tte_crohn_s_disease_regional_enteritis_,TTE crohn's disease [regional enteritis],NA,NA,TTE crohn's disease [regional enteritis],4
custom:tte_diaphragmatic_hernia,TTE diaphragmatic hernia,NA,NA,TTE diaphragmatic hernia,4
custom:tte_disorders_of_lipoprotein_metabolism_and_other_lipidaemias,TTE disorders of lipoprotein metabolism and other lipidaemias,NA,NA,TTE disorders of lipoprotein metabolism and other lipidaemias,4
custom:tte_disorders_of_mineral_metabolism,TTE disorders of mineral metabolism,NA,NA,TTE disorders of mineral metabolism,4
custom:tte_diverticular_disease_of_intestine,TTE diverticular disease of intestine,NA,NA,TTE diverticular disease of intestine,4
custom:tte_duodenal_ulcer,TTE duodenal ulcer,NA,NA,TTE duodenal ulcer,4
custom:tte_essential_primary_hypertension_,TTE essential (primary hypertension),NA,NA,TTE essential (primary hypertension),4
custom:tte_fibroblastic_disorders,TTE fibroblastic disorders,NA,NA,TTE fibroblastic disorders,4
custom:tte_follicular_cysts_of_skin_and_subcutaneous_tissue,TTE follicular cysts of skin and subcutaneous tissue,NA,NA,TTE follicular cysts of skin and subcutaneous tissue,4
custom:tte_glaucoma,TTE glaucoma,NA,NA,TTE glaucoma,4
custom:tte_gonarthrosis_arthrosis_of_knee_,TTE gonarthrosis [arthrosis of knee],NA,NA,TTE gonarthrosis [arthrosis of knee],4
custom:tte_gout,TTE gout,NA,NA,TTE gout,4
custom:tte_hyperplasia_of_prostate,TTE hyperplasia of prostate,NA,NA,TTE hyperplasia of prostate,4
custom:tte_inguinal_hernia,TTE inguinal hernia,NA,NA,TTE inguinal hernia,4
custom:tte_insulin_dependent_diabetes_mellitus,TTE insulin-dependent diabetes mellitus,NA,NA,TTE insulin-dependent diabetes mellitus,4
custom:tte_internal_derangement_of_knee,TTE internal derangement of knee,NA,NA,TTE internal derangement of knee,4
custom:tte_iridocyclitis,TTE iridocyclitis,NA,NA,TTE iridocyclitis,4
custom:tte_migraine,TTE migraine,NA,NA,TTE migraine,4
custom:tte_nasal_polyp,TTE nasal polyp,NA,NA,TTE nasal polyp,4
custom:tte_non_insulin_dependent_diabetes_mellitus,TTE non-insulin-dependent diabetes mellitus,NA,NA,TTE non-insulin-dependent diabetes mellitus,4
custom:tte_nonrheumatic_aortic_valve_disorders,TTE nonrheumatic aortic valve disorders,NA,NA,TTE nonrheumatic aortic valve disorders,4
custom:tte_obesity,TTE obesity,NA,NA,TTE obesity,4
custom:tte_osteoporosis_without_pathological_fracture,TTE osteoporosis without pathological fracture,NA,NA,TTE osteoporosis without pathological fracture,4
custom:tte_other_cataract,TTE other cataract,NA,NA,TTE other cataract,4
custom:tte_other_chronic_obstructive_pulmonary_disease,TTE other chronic obstructive pulmonary disease,NA,NA,TTE other chronic obstructive pulmonary disease,4
custom:tte_other_coagulation_defects,TTE other coagulation defects,NA,NA,TTE other coagulation defects,4
custom:tte_other_dermatitis,TTE other dermatitis,NA,NA,TTE other dermatitis,4
custom:tte_other_diseases_of_intestine,TTE other diseases of intestine,NA,NA,TTE other diseases of intestine,4
custom:tte_other_diseases_of_liver,TTE other diseases of liver,NA,NA,TTE other diseases of liver,4
custom:tte_other_disorders_of_cornea,TTE other disorders of cornea,NA,NA,TTE other disorders of cornea,4
custom:tte_other_disorders_of_pancreatic_internal_secretion,TTE other disorders of pancreatic internal secretion,NA,NA,TTE other disorders of pancreatic internal secretion,4
custom:tte_other_hypothyroidism,TTE other hypothyroidism,NA,NA,TTE other hypothyroidism,4
custom:tte_other_interstitial_pulmonary_diseases,TTE other interstitial pulmonary diseases,NA,NA,TTE other interstitial pulmonary diseases,4
custom:tte_other_intervertebral_disk_disorders,TTE other intervertebral disk disorders,NA,NA,TTE other intervertebral disk disorders,4
custom:tte_other_non_toxic_goitre,TTE other non-toxic goitre,NA,NA,TTE other non-toxic goitre,4
custom:tte_other_retinal_disorders,TTE other retinal disorders,NA,NA,TTE other retinal disorders,4
custom:tte_other_rheumatoid_arthritis,TTE other rheumatoid arthritis,NA,NA,TTE other rheumatoid arthritis,4
custom:tte_other_systemic_involvement_of_connective_tissue,TTE other systemic involvement of connective tissue,NA,NA,TTE other systemic involvement of connective tissue,4
custom:tte_pe,TTE PE,NA,NA,TTE PE,4
custom:tte_phlebitis_and_thrombophlebitis,TTE phlebitis and thrombophlebitis,NA,NA,TTE phlebitis and thrombophlebitis,4
custom:tte_psoriasis,TTE psoriasis,NA,NA,TTE psoriasis,4
custom:tte_psoriatic_and_enteropathic_arthropathies,TTE psoriatic and enteropathic arthropathies,NA,NA,TTE psoriatic and enteropathic arthropathies,4
custom:tte_retinal_detachments_and_breaks,TTE retinal detachments and breaks,NA,NA,TTE retinal detachments and breaks,4
custom:tte_retinal_disorders_in_diseases_classified_elsewhere,TTE retinal disorders in diseases classified elsewhere,NA,NA,TTE retinal disorders in diseases classified elsewhere,4
custom:tte_seborrhoeic_keratosis,TTE seborrhoeic keratosis,NA,NA,TTE seborrhoeic keratosis,4
custom:tte_skin_changes_due_to_chronic_exposure_to_nonionising_radiation,TTE skin changes due to chronic exposure to nonionising radiation,NA,NA,TTE skin changes due to chronic exposure to nonionising radiation,4
custom:tte_thyrotoxicosis_hyperthyroidism_,TTE thyrotoxicosis [hyperthyroidism],NA,NA,TTE thyrotoxicosis [hyperthyroidism],4
custom:tte_ulcerative_colitis,TTE ulcerative colitis,NA,NA,TTE ulcerative colitis,4
custom:tte_unspecified_acute_lower_respiratory_infection,TTE unspecified acute lower respiratory infection,NA,NA,TTE unspecified acute lower respiratory infection,4
custom:tte_unspecified_diabetes_mellitus,TTE unspecified diabetes mellitus,NA,NA,TTE unspecified diabetes mellitus,4
custom:tte_varicose_veins_of_lower_extremities,TTE varicose veins of lower extremities,NA,NA,TTE varicose veins of lower extremities,4
custom:tte_vasomotor_and_allergic_rhinitis,TTE vasomotor and allergic rhinitis,NA,NA,TTE vasomotor and allergic rhinitis,4
custom:tte_viral_warts,TTE viral warts,NA,NA,TTE viral warts,4
custom:tte_vitiligo,TTE vitiligo,NA,NA,TTE vitiligo,4
custom:tte_zoster_herpes_zoster_,TTE zoster [herpes zoster],NA,NA,TTE zoster [herpes zoster],4
custom:types_of_physical_activity_in_last_4_weeks_other_exercises_,Types of physical activity in last 4 weeks (other exercises),NA,NA,Types of physical activity in last 4 weeks (other exercises),4
custom:uacr_30_mg_g,UACR > 30 mg/g,NA,NA,UACR > 30 mg/g,4
custom:use_of_sun_uv_protection_always_,Use of sun/uv protection (Always),NA,NA,Use of sun/uv protection (Always),4
custom:use_of_sun_uv_protection_never_rarely_,Use of sun/uv protection (Never/rarely),NA,NA,Use of sun/uv protection (Never/rarely),4
custom:use_of_sun_uv_protection_sometimes_,Use of sun/uv protection (Sometimes),NA,NA,Use of sun/uv protection (Sometimes),4
custom:uterine_fibroids,Uterine fibroids,NA,NA,Uterine fibroids,4
custom:varicose_veins,Varicose veins,NA,NA,Varicose veins,4
custom:vascular_heart_problems_diagnosed_by_doctor_angina,Vascular/heart problems diagnosed by doctor Angina,NA,NA,Vascular/heart problems diagnosed by doctor Angina,4
custom:vascular_heart_problems_diagnosed_by_doctor_heart_attack,Vascular/heart problems diagnosed by doctor Heart attack,NA,NA,Vascular/heart problems diagnosed by doctor Heart attack,4
custom:vascular_heart_problems_diagnosed_by_doctor_high_bp,Vascular/heart problems diagnosed by doctor High BP,NA,NA,Vascular/heart problems diagnosed by doctor High BP,4
custom:vitamin_b9_vs_no_supplement,Vitamin B9 vs no supplement,NA,NA,Vitamin B9 vs no supplement,4
custom:weight_change_compared_with_1_year_ago,Weight change compared with 1 year ago,NA,NA,Weight change compared with 1 year ago,4
custom:worrier_anxious_feelings,Worrier / anxious feelings,NA,NA,Worrier / anxious feelings,4
custom:worry_too_long_after_embarrassment,Worry too long after embarrassment,NA,NA,Worry too long after embarrassment,4
custom:ad_alzheimer_s_disease,AD alzheimer's disease,NA,NA,AD alzheimer's disease,3
custom:breast_cancer_in_male_carriers_of_brca1_2_mutations,Breast cancer in male carriers of BRCA1/2 mutations,NA,NA,Breast cancer in male carriers of BRCA1/2 mutations,3
custom:breast_cancer_intrinsic_like_subtype_her2_enriched_like_,Breast cancer intrinsic-like subtype (HER2-enriched-like),NA,NA,Breast cancer intrinsic-like subtype (HER2-enriched-like),3
custom:breast_cancer_intrinsic_like_subtype_luminal_a_like_,Breast cancer intrinsic-like subtype (luminal A-like),NA,NA,Breast cancer intrinsic-like subtype (luminal A-like),3
custom:breast_cancer_intrinsic_like_subtype_luminal_b_her2_negative_like_,Breast cancer intrinsic-like subtype (luminal B/HER2-negative-like),NA,NA,Breast cancer intrinsic-like subtype (luminal B/HER2-negative-like),3
custom:breast_cancer_intrinsic_like_subtype_luminal_b_like_,Breast cancer intrinsic-like subtype (luminal B-like),NA,NA,Breast cancer intrinsic-like subtype (luminal B-like),3
custom:breast_cancer_intrinsic_like_subtype_triple_negative_,Breast cancer intrinsic-like subtype (triple negative),NA,NA,Breast cancer intrinsic-like subtype (triple negative),3
custom:cancer_of_larynx,Cancer of larynx,NA,NA,Cancer of larynx,3
custom:carcinoma_in_situ_of_skin,Carcinoma in situ of skin,NA,NA,Carcinoma in situ of skin,3
custom:childhood_asthma_by_age_11,Childhood asthma by age 11,NA,NA,Childhood asthma by age 11,3
custom:childhood_asthma_by_age_8,Childhood asthma by age 8,NA,NA,Childhood asthma by age 8,3
custom:cirrhosis_females_,Cirrhosis (females),NA,NA,Cirrhosis (females),3
custom:cirrhosis_males_,Cirrhosis (males),NA,NA,Cirrhosis (males),3
custom:coeliac_disease_in_hla_dq2_5_carriers,Coeliac disease in HLA-DQ2.5 carriers,NA,NA,Coeliac disease in HLA-DQ2.5 carriers,3
custom:coronary_atherosclerosis,coronary atherosclerosis,NA,NA,coronary atherosclerosis,3
custom:crohns_disease,Crohns disease,NA,NA,Crohns disease,3
custom:diagnosed_with_coeliac_disease_or_gluten_sensitivity,Diagnosed with coeliac disease or gluten sensitivity,NA,NA,Diagnosed with coeliac disease or gluten sensitivity,3
custom:discrimination_of_type_1_diabetes_from_type_2_diabetes,Discrimination of Type 1 diabetes from Type 2 diabetes,NA,NA,Discrimination of Type 1 diabetes from Type 2 diabetes,3
custom:genetic_haematological_disorder,Genetic haematological disorder,NA,NA,Genetic haematological disorder,3
custom:hair_colour_natural_before_greying_blonde,"Hair colour (natural, before greying) blonde",NA,NA,"Hair colour (natural, before greying) blonde",3
custom:iga_nephropathy,IgA nephropathy,NA,NA,IgA nephropathy,3
custom:incident_atherosclerotic_cardiovascular_disease_in_individuals_with_borderline_intermediate_risk_of_atherosclerotic_cardiovascular_disease,Incident atherosclerotic cardiovascular disease in individuals with borderline-intermediate risk of atherosclerotic cardiovascular disease,NA,NA,Incident atherosclerotic cardiovascular disease in individuals with borderline-intermediate risk of atherosclerotic cardiovascular disease,3
custom:incident_fibromyalgia_cases,incident fibromyalgia cases,NA,NA,incident fibromyalgia cases,3
custom:incident_kidney_cancer,Incident kidney cancer,NA,NA,Incident kidney cancer,3
custom:invasive_breast_cancer,Invasive breast cancer,NA,NA,Invasive breast cancer,3
custom:iritis,Iritis,NA,NA,Iritis,3
custom:malabsorption_coeliac_disease,Malabsorption/coeliac disease,NA,NA,Malabsorption/coeliac disease,3
custom:obesity_in_individuals_aged_24_29_9,Obesity in individuals aged 24-29.9,NA,NA,Obesity in individuals aged 24-29.9,3
custom:obesity_prevalence,Obesity prevalence,NA,NA,Obesity prevalence,3
custom:obstructive_cad,Obstructive CAD,NA,NA,Obstructive CAD,3
custom:paradoxical_eczema_in_biologic_treated_psoriasis,Paradoxical eczema in biologic-treated  psoriasis,NA,NA,Paradoxical eczema in biologic-treated  psoriasis,3
custom:primary_open_angle_glaucoma,Primary open-angle glaucoma,NA,NA,Primary open-angle glaucoma,3
custom:risk_of_endometrial_cancer,Risk of endometrial cancer,NA,NA,Risk of endometrial cancer,3
custom:sarcoidosis,Sarcoidosis,NA,NA,Sarcoidosis,3
custom:stroke,Stroke,NA,NA,Stroke,3
custom:t2d,T2D,NA,NA,T2D,3
custom:testicular_cancer,Testicular cancer,NA,NA,Testicular cancer,3
custom:tte_alzheimer_s_disease,TTE alzheimer's disease,NA,NA,TTE alzheimer's disease,3
custom:tte_dementia_in_alzheimer_s_disease,TTE dementia in alzheimer's disease,NA,NA,TTE dementia in alzheimer's disease,3
custom:tte_disorders_of_porphyrin_and_bilirubin_metabolism,TTE disorders of porphyrin and bilirubin metabolism,NA,NA,TTE disorders of porphyrin and bilirubin metabolism,3
custom:tte_intestinal_malabsorption,TTE intestinal malabsorption,NA,NA,TTE intestinal malabsorption,3
custom:tte_multiple_sclerosis,TTE multiple sclerosis,NA,NA,TTE multiple sclerosis,3
custom:tte_other_metabolic_disorders,TTE other metabolic disorders,NA,NA,TTE other metabolic disorders,3
custom:tte_otosclerosis,TTE otosclerosis,NA,NA,TTE otosclerosis,3
custom:tte_reactive_arthropathies,TTE reactive arthropathies,NA,NA,TTE reactive arthropathies,3
custom:tte_sarcoidosis,TTE sarcoidosis,NA,NA,TTE sarcoidosis,3
custom:tte_seropositive_rheumatoid_arthritis,TTE seropositive rheumatoid arthritis,NA,NA,TTE seropositive rheumatoid arthritis,3
custom:tte_unspecified_dementia,TTE unspecified dementia,NA,NA,TTE unspecified dementia,3
custom:tte_vascular_dementia,TTE vascular dementia,NA,NA,TTE vascular dementia,3
custom:tte_vitamin_b12_deficiency_anaemia,TTE vitamin b12 deficiency anaemia,NA,NA,TTE vitamin b12 deficiency anaemia,3
custom:type_1_diabetes_diagnosis,Type 1 diabetes diagnosis,NA,NA,Type 1 diabetes diagnosis,3
custom:type_2_diabetes,type 2 diabetes,NA,NA,type 2 diabetes,3
custom:age_related_macular_degeneration,Age-related macular degeneration,NA,NA,Age-related macular degeneration,2
custom:atrial_fibrillation_personal_history_,Atrial Fibrillation (personal history),NA,NA,Atrial Fibrillation (personal history),2
custom:bmi_adjusted_obstructive_sleep_apnea,BMI adjusted obstructive sleep apnea,NA,NA,BMI adjusted obstructive sleep apnea,2
custom:bmi_unadjusted_obstructive_sleep_apnea,BMI unadjusted obstructive sleep apnea,NA,NA,BMI unadjusted obstructive sleep apnea,2
custom:breast_cancer_personal_history_,Breast Cancer (personal history),NA,NA,Breast Cancer (personal history),2
custom:cancer_of_brain_and_nervous_system,Cancer of brain and nervous system,NA,NA,Cancer of brain and nervous system,2
custom:cancer_of_other_male_genital_organs,Cancer of other male genital organs,NA,NA,Cancer of other male genital organs,2
custom:cardiovascular_disease_in_patients_with_type_ii_diabetes_mellitus,Cardiovascular disease in patients with type II diabetes Mellitus,NA,NA,Cardiovascular disease in patients with type II diabetes Mellitus,2
custom:chronic_kidney_disease,Chronic kidney disease,NA,NA,Chronic kidney disease,2
custom:chronic_kidney_disease_egfr_45_ml_min_per_1_73_m2_,Chronic kidney disease (eGFR <45 ml/min per 1.73 m2),NA,NA,Chronic kidney disease (eGFR <45 ml/min per 1.73 m2),2
custom:chronic_kidney_disease_egfr_60_ml_min_per_1_73_m2_,Chronic kidney disease (eGFR <60 ml/min per 1.73 m2),NA,NA,Chronic kidney disease (eGFR <60 ml/min per 1.73 m2),2
custom:chronic_kidney_disease_egfr_60_ml_min_per_1_73_m2_or_uacr_3_0_mg_mmol_,Chronic kidney disease (eGFR <60 ml/min per 1.73 m2 or UACR >3.0 mg/mmol),NA,NA,Chronic kidney disease (eGFR <60 ml/min per 1.73 m2 or UACR >3.0 mg/mmol),2
custom:chronic_kidney_disease_stage_3_or_greater_,Chronic Kidney Disease (stage 3 or greater),NA,NA,Chronic Kidney Disease (stage 3 or greater),2
custom:chronic_obstructive_pulmonary_disease,Chronic obstructive pulmonary disease,NA,NA,Chronic obstructive pulmonary disease,2
custom:colorectal_advanced_neoplasm,Colorectal advanced neoplasm,NA,NA,Colorectal advanced neoplasm,2
custom:colorectal_non_advanced_adenoma,Colorectal non-advanced adenoma,NA,NA,Colorectal non-advanced adenoma,2
custom:coronary_artery_calcium_score_20,Coronary artery calcium score > 20,NA,NA,Coronary artery calcium score > 20,2
custom:coronary_artery_calcium_score_300,Coronary artery calcium score > 300,NA,NA,Coronary artery calcium score > 300,2
custom:coronary_artery_disease_personal_history_,Coronary artery disease (personal history),NA,NA,Coronary artery disease (personal history),2
custom:crohn_s_disease,Crohn's disease,NA,NA,Crohn's disease,2
custom:dilated_cardiomyopathy,Dilated cardiomyopathy,NA,NA,Dilated cardiomyopathy,2
custom:diverticular_disease,Diverticular disease,NA,NA,Diverticular disease,2
custom:dupuytren_s_contracture,Dupuytren's contracture,NA,NA,Dupuytren's contracture,2
custom:esophageal_adenocarcinoma,esophageal adenocarcinoma,NA,NA,esophageal adenocarcinoma,2
custom:estrogen_receptor_nagetive_breast_cancer_risk,estrogen-receptor nagetive breast cancer risk,NA,NA,estrogen-receptor nagetive breast cancer risk,2
custom:estrogen_receptor_negative_breast_cancer,Estrogen-receptor negative breast cancer,NA,NA,Estrogen-receptor negative breast cancer,2
custom:estrogen_receptor_negative_breast_cancer_risk,estrogen-receptor negative breast cancer risk,NA,NA,estrogen-receptor negative breast cancer risk,2
custom:estrogen_receptor_positive_breast_cancer,Estrogen-receptor positive breast cancer,NA,NA,Estrogen-receptor positive breast cancer,2
custom:familial_early_onset_colorectal_cancer,Familial / early-onset colorectal cancer,NA,NA,Familial / early-onset colorectal cancer,2
custom:gout_diagnosis_in_patient_with_arthritis,Gout diagnosis in patient with arthritis,NA,NA,Gout diagnosis in patient with arthritis,2
custom:hair_colour_natural_before_greying_red,"Hair colour (natural, before greying) red",NA,NA,"Hair colour (natural, before greying) red",2
custom:hepatocellular_carcinoma_in_individuals_with_a_body_mass_index_30,Hepatocellular carcinoma in individuals with a body mass index ≥30,NA,NA,Hepatocellular carcinoma in individuals with a body mass index ≥30,2
custom:hepatocellular_carcinoma_in_individuals_with_no_cirrhosis,Hepatocellular carcinoma in individuals with no cirrhosis,NA,NA,Hepatocellular carcinoma in individuals with no cirrhosis,2
custom:hepatocellular_carcinoma_in_individuals_with_type_2_diabetes,Hepatocellular carcinoma in individuals with type 2 diabetes,NA,NA,Hepatocellular carcinoma in individuals with type 2 diabetes,2
custom:incident_all_cause_dementia,Incident all-cause dementia,NA,NA,Incident all-cause dementia,2
custom:incident_atrial_fibrillation,Incident atrial fibrillation,NA,NA,Incident atrial fibrillation,2
custom:incident_blader_cancer,Incident blader cancer,NA,NA,Incident blader cancer,2
custom:incident_cervical_cancer,Incident cervical cancer,NA,NA,Incident cervical cancer,2
custom:incident_coronary_artery_disease,Incident coronary artery disease,NA,NA,Incident coronary artery disease,2
custom:incident_endometrial_cancer,Incident endometrial cancer,NA,NA,Incident endometrial cancer,2
custom:incident_hip_fracture,Incident hip fracture,NA,NA,Incident hip fracture,2
custom:incident_hypertension,Incident hypertension,NA,NA,Incident hypertension,2
custom:incident_hypothyroidism,Incident hypothyroidism,NA,NA,Incident hypothyroidism,2
custom:incident_ischemic_stroke,Incident ischemic stroke,NA,NA,Incident ischemic stroke,2
custom:incident_lymphocytic_leukemia,Incident Lymphocytic Leukemia,NA,NA,Incident Lymphocytic Leukemia,2
custom:incident_major_osteoporotic_fracture,Incident major osteoporotic fracture,NA,NA,Incident major osteoporotic fracture,2
custom:incident_melanoma,Incident melanoma,NA,NA,Incident melanoma,2
custom:incident_narcolepsy,Incident narcolepsy,NA,NA,Incident narcolepsy,2
custom:incident_non_hodgkin_s_lymphoma,Incident non-hodgkin's lymphoma,NA,NA,Incident non-hodgkin's lymphoma,2
custom:incident_oral_cavity_and_pharyngeal_cancer,Incident oral cavity and pharyngeal cancer,NA,NA,Incident oral cavity and pharyngeal cancer,2
custom:incident_ovarian_cancer,Incident ovarian cancer,NA,NA,Incident ovarian cancer,2
custom:incident_pancreatic_cancer,Incident pancreatic cancer,NA,NA,Incident pancreatic cancer,2
custom:incident_testicular_cancer,Incident testicular cancer,NA,NA,Incident testicular cancer,2
custom:incident_thyroid_cancer,Incident thyroid cancer,NA,NA,Incident thyroid cancer,2
custom:kidney_cancer,Kidney cancer,NA,NA,Kidney cancer,2
custom:malignant_neoplasm_of_kidney_except_pelvis,"Malignant neoplasm of kidney, except pelvis",NA,NA,"Malignant neoplasm of kidney, except pelvis",2
custom:malignant_neoplasm_of_rectum_rectosigmoid_junction_and_anus,"Malignant neoplasm of rectum, rectosigmoid junction, and anus",NA,NA,"Malignant neoplasm of rectum, rectosigmoid junction, and anus",2
custom:nasopharyngeal_carcinoma,Nasopharyngeal carcinoma,NA,NA,Nasopharyngeal carcinoma,2
custom:nicotine_metabolism_slow_vs_normal_in_treatment_seeking_smokers,Nicotine metabolism (slow vs normal) in treatment seeking smokers,NA,NA,Nicotine metabolism (slow vs normal) in treatment seeking smokers,2
custom:nodular_lymphoma,Nodular lymphoma,NA,NA,Nodular lymphoma,2
custom:non_hodgkins_lymphoma,Non-Hodgkins lymphoma,NA,NA,Non-Hodgkins lymphoma,2
custom:nonalcoholic_fatty_liver_disease_severity_nafld_activity_score_above_5_,Nonalcoholic fatty liver disease severity (NAFLD activity score above 5),NA,NA,Nonalcoholic fatty liver disease severity (NAFLD activity score above 5),2
custom:obesity_bmi_25_,Obesity (BMI≥25),NA,NA,Obesity (BMI≥25),2
custom:paroxysmal_atrial_fibrillation,Paroxysmal atrial fibrillation,NA,NA,Paroxysmal atrial fibrillation,2
custom:prevalent_gout_cases,Prevalent gout cases,NA,NA,Prevalent gout cases,2
custom:prevalent_type_2_diabetes,Prevalent type 2 diabetes,NA,NA,Prevalent type 2 diabetes,2
custom:prostate_cancer_incidence_in_men_with_symptoms,Prostate cancer incidence in men with symptoms,NA,NA,Prostate cancer incidence in men with symptoms,2
custom:psoriatic_arthritis_diagnosis_in_patient_with_arthritis,Psoriatic arthritis diagnosis in patient with arthritis,NA,NA,Psoriatic arthritis diagnosis in patient with arthritis,2
custom:risk_of_mitral_valve_prolapse,Risk of mitral valve prolapse,NA,NA,Risk of mitral valve prolapse,2
custom:spondyloarthropathy_diagnosis_in_patient_with_arthritis,Spondyloarthropathy diagnosis in patient with arthritis,NA,NA,Spondyloarthropathy diagnosis in patient with arthritis,2
custom:subsequent_thyroid_cancer_in_childhood_cancer_survivors_aged_40,Subsequent thyroid cancer in childhood cancer survivors aged 40,NA,NA,Subsequent thyroid cancer in childhood cancer survivors aged 40,2
custom:subsequent_thyroid_cancer_in_childhood_cancer_survivors_aged_50,Subsequent thyroid cancer in childhood cancer survivors aged 50,NA,NA,Subsequent thyroid cancer in childhood cancer survivors aged 50,2
custom:systemic_lupus_erythematosus_diagnosis_in_patient_with_arthritis,Systemic lupus erythematosus diagnosis in patient with arthritis,NA,NA,Systemic lupus erythematosus diagnosis in patient with arthritis,2
custom:type_2_diabetes_incident_and_prevalent_,Type 2 diabetes (incident and prevalent),NA,NA,Type 2 diabetes (incident and prevalent),2
custom:10_year_colorectal_cancer_risk,10 year colorectal cancer risk,NA,NA,10 year colorectal cancer risk,1
custom:10_year_risk_of_colorectal_cancer,10-year risk of colorectal cancer,NA,NA,10-year risk of colorectal cancer,1
custom:5_year_colorectal_cancer_risk,5 year colorectal cancer risk,NA,NA,5 year colorectal cancer risk,1
custom:acute_appendicitis,Acute appendicitis,NA,NA,Acute appendicitis,1
custom:adenomyosis,Adenomyosis,NA,NA,Adenomyosis,1
custom:advanced_colorectal_neoplasia,Advanced colorectal neoplasia,NA,NA,Advanced colorectal neoplasia,1
custom:advanced_colorectal_neoplasia_fob_gold_model_,Advanced colorectal neoplasia (FOB Gold model),NA,NA,Advanced colorectal neoplasia (FOB Gold model),1
custom:advanced_colorectal_neoplasia_ridascreen_model_,Advanced colorectal neoplasia (Ridascreen model),NA,NA,Advanced colorectal neoplasia (Ridascreen model),1
custom:advanced_glaucoma,Advanced glaucoma,NA,NA,Advanced glaucoma,1
custom:alzheimer_s_disease_or_dementia,Alzheimer's disease or dementia,NA,NA,Alzheimer's disease or dementia,1
custom:alzheimer_s_disease_or_mild_cognitive_impairment,Alzheimer's disease or mild cognitive impairment,NA,NA,Alzheimer's disease or mild cognitive impairment,1
custom:appendectomy,Appendectomy,NA,NA,Appendectomy,1
custom:asthma_onset,Asthma onset,NA,NA,Asthma onset,1
custom:bladder_cancer,Bladder cancer,NA,NA,Bladder cancer,1
custom:breast_cancer,breast cancer,NA,NA,breast cancer,1
custom:breast_cancer_latin_american_women_,Breast cancer (Latin american women),NA,NA,Breast cancer (Latin american women),1
custom:breast_cancer_us_latinas_,Breast cancer (US Latinas),NA,NA,Breast cancer (US Latinas),1
custom:breast_carcinoma,Breast carcinoma,NA,NA,Breast carcinoma,1
custom:cad,CAD,NA,NA,CAD,1
custom:cancer_of_eye,Cancer of eye,NA,NA,Cancer of eye,1
custom:cancer_of_other_female_genital_organs,Cancer of other female genital organs,NA,NA,Cancer of other female genital organs,1
custom:cardiomyopathy,Cardiomyopathy,NA,NA,Cardiomyopathy,1
custom:cervical_cancer,cervical cancer,NA,NA,cervical cancer,1
custom:chronic_back_pain,Chronic back pain,NA,NA,Chronic back pain,1
custom:chronic_lymphoid_leukemia,Chronic lymphoid leukemia,NA,NA,Chronic lymphoid leukemia,1
custom:class_iii_iv_lupus_nephritis_in_anti_sm_positive_systemic_lupus_erythematosus,Class III/IV lupus nephritis in anti-sm positive systemic lupus erythematosus,NA,NA,Class III/IV lupus nephritis in anti-sm positive systemic lupus erythematosus,1
custom:class_v_lupus_nephritis_in_anti_sm_positive_systemic_lupus_erythematosus,Class V lupus nephritis in anti-sm positive systemic lupus erythematosus,NA,NA,Class V lupus nephritis in anti-sm positive systemic lupus erythematosus,1
custom:clear_cell_renal_cell_carcinoma,Clear cell renal cell carcinoma,NA,NA,Clear cell renal cell carcinoma,1
custom:clinical_dementia_rating_global_score_1,Clinical Dementia Rating global score ≥ 1,NA,NA,Clinical Dementia Rating global score ≥ 1,1
custom:clinically_significant_prostate_cancer,Clinically significant prostate cancer,NA,NA,Clinically significant prostate cancer,1
custom:clinically_significant_prostate_cancer_in_screened_individuals,clinically significant prostate cancer in screened individuals,NA,NA,clinically significant prostate cancer in screened individuals,1
custom:colorectal_cancer,colorectal cancer,NA,NA,colorectal cancer,1
custom:colorectal_carcinoma,Colorectal carcinoma,NA,NA,Colorectal carcinoma,1
custom:coronary_artery_disease,coronary artery disease,NA,NA,coronary artery disease,1
custom:coronary_artery_disease_in_childhood_cancer_survivors_aged_10_years_at_diagnosis_and_treated_with_25_gy,Coronary artery disease in childhood cancer survivors aged <10 years at diagnosis and treated with >25 Gy,NA,NA,Coronary artery disease in childhood cancer survivors aged <10 years at diagnosis and treated with >25 Gy,1
custom:cortical_amyloid_positivity,Cortical amyloid positivity,NA,NA,Cortical amyloid positivity,1
custom:diffuse_large_b_cell_lymphoma,Diffuse large B-cell lymphoma,NA,NA,Diffuse large B-cell lymphoma,1
custom:distal_colon_cancer,Distal colon cancer,NA,NA,Distal colon cancer,1
custom:early_age_related_macular_degeneration_clinical_classification_,Early age-related macular degeneration (Clinical Classification),NA,NA,Early age-related macular degeneration (Clinical Classification),1
custom:early_cad,Early CAD,NA,NA,Early CAD,1
custom:early_onset_acute_myocardial_infarction_following_percutaneous_coronary_intervention,Early onset acute myocardial infarction following  percutaneous coronary intervention,NA,NA,Early onset acute myocardial infarction following  percutaneous coronary intervention,1
custom:early_onset_acute_myocardial_infarction_following_percutaneous_coronary_intervention,Early onset acute myocardial infarction following percutaneous coronary intervention,NA,NA,Early onset acute myocardial infarction following percutaneous coronary intervention,1
custom:early_onset_colorectal_cancer,Early-onset colorectal cancer,NA,NA,Early-onset colorectal cancer,1
custom:early_onset_colorectal_cancer_men_,Early-onset colorectal cancer (men),NA,NA,Early-onset colorectal cancer (men),1
custom:early_onset_colorectal_cancer_women_,Early-onset colorectal cancer (women),NA,NA,Early-onset colorectal cancer (women),1
custom:early_onset_lung_cancer_50_years_,Early onset lung cancer (< 50 years),NA,NA,Early onset lung cancer (< 50 years),1
custom:early_onset_prostate_cancer,Early-onset prostate cancer,NA,NA,Early-onset prostate cancer,1
custom:endometrial_cancer,Endometrial cancer,NA,NA,Endometrial cancer,1
custom:endometriosis_other_subtype,Endometriosis - other subtype,NA,NA,Endometriosis - other subtype,1
custom:eoe,EoE,NA,NA,EoE,1
custom:epithelial_non_mucinous_ovarian_cancer_in_brca1_carriers,Epithelial non-mucinous ovarian cancer in BRCA1 carriers,NA,NA,Epithelial non-mucinous ovarian cancer in BRCA1 carriers,1
custom:epithelial_non_mucinous_ovarian_cancer_in_brca2_carriers,Epithelial non-mucinous ovarian cancer in BRCA2 carriers,NA,NA,Epithelial non-mucinous ovarian cancer in BRCA2 carriers,1
custom:esophageal_cancer,Esophageal cancer,NA,NA,Esophageal cancer,1
custom:estrogen_receptor_negative_breast_cancer,Estrogen receptor negative breast cancer,NA,NA,Estrogen receptor negative breast cancer,1
custom:estrogen_receptor_positive_breast_cancer,Estrogen receptor positive breast cancer,NA,NA,Estrogen receptor positive breast cancer,1
custom:familial_cutaneous_melanoma_in_non_carriers_of_a_cdkn2a_mutation,Familial cutaneous melanoma in non-carriers of a CDKN2A mutation,NA,NA,Familial cutaneous melanoma in non-carriers of a CDKN2A mutation,1
custom:follicular_lymphoma,Follicular lymphoma,NA,NA,Follicular lymphoma,1
custom:full_lifetime_risk_of_colorectal_cancer,Full lifetime risk of colorectal cancer,NA,NA,Full lifetime risk of colorectal cancer,1
custom:gastric_cancer,Gastric cancer,NA,NA,Gastric cancer,1
custom:gestational_diabetes_mellitus_in_early_pregnancy,Gestational diabetes mellitus in early pregnancy,NA,NA,Gestational diabetes mellitus in early pregnancy,1
custom:gestational_thrombocytopenia,Gestational Thrombocytopenia,NA,NA,Gestational Thrombocytopenia,1
custom:gleason_7_prostate_cancer_risk_in_10_years,Gleason <=7 prostate cancer risk in 10 years,NA,NA,Gleason <=7 prostate cancer risk in 10 years,1
custom:gleason_8_prostate_cancer_risk_in_10_years,Gleason >=8 prostate cancer risk in 10 years,NA,NA,Gleason >=8 prostate cancer risk in 10 years,1
custom:glioblastoma,glioblastoma,NA,NA,glioblastoma,1
custom:glioma,Glioma,NA,NA,Glioma,1
custom:glucocorticoid_induced_hyperglycemia,Glucocorticoid-induced hyperglycemia,NA,NA,Glucocorticoid-induced hyperglycemia,1
custom:head_and_neck_squamous_cell_carcinoma,head and neck squamous cell carcinoma,NA,NA,head and neck squamous cell carcinoma,1
custom:heart_failure,Heart Failure,NA,NA,Heart Failure,1
custom:heart_failure,Heart failure,NA,NA,Heart failure,1
custom:hf,HF,NA,NA,HF,1
custom:high_myopia_aged_18_years_,High myopia (aged >18 years),NA,NA,High myopia (aged >18 years),1
custom:high_myopia_aged_6_years_,High myopia (aged <6 years),NA,NA,High myopia (aged <6 years),1
custom:high_myopia_aged_7_18_years_,High myopia (aged 7-18 years),NA,NA,High myopia (aged 7-18 years),1
custom:idiopathic_pulmonary_fibrosis,Idiopathic pulmonary fibrosis,NA,NA,Idiopathic pulmonary fibrosis,1
custom:incident_atherosclerotic_cardiovascular_disease,Incident atherosclerotic cardiovascular disease,NA,NA,Incident atherosclerotic cardiovascular disease,1
custom:incident_atherosclerotic_cardiovascular_disease_in_individuals_with_borderline_intermediate_risk_ofatherosclerotic_cardiovascular_disease,Incident atherosclerotic cardiovascular disease in individuals with borderline-intermediate risk ofatherosclerotic cardiovascular disease,NA,NA,Incident atherosclerotic cardiovascular disease in individuals with borderline-intermediate risk ofatherosclerotic cardiovascular disease,1
custom:incident_bladder_cancer,Incident bladder cancer,NA,NA,Incident bladder cancer,1
custom:incident_cardiovascular_event,Incident cardiovascular event,NA,NA,Incident cardiovascular event,1
custom:incident_epithelial_ovarian_cancer,Incident epithelial ovarian cancer,NA,NA,Incident epithelial ovarian cancer,1
custom:incident_idiopathic_pulmonary_fibrosis_cases,incident idiopathic pulmonary fibrosis cases,NA,NA,incident idiopathic pulmonary fibrosis cases,1
custom:incident_lung_cancer_in_never_smokers,Incident lung cancer in never smokers,NA,NA,Incident lung cancer in never smokers,1
custom:incident_lung_cancer_in_smokers,Incident lung cancer in smokers,NA,NA,Incident lung cancer in smokers,1
custom:incident_pancreatic_cancer,Incident Pancreatic cancer,NA,NA,Incident Pancreatic cancer,1
custom:incident_venous_thromboembolism_in_individuals_with_inflammatory_bowel_disease,Incident venous thromboembolism in individuals with inflammatory bowel disease,NA,NA,Incident venous thromboembolism in individuals with inflammatory bowel disease,1
custom:infiltrating_endometriosis,Infiltrating endometriosis,NA,NA,Infiltrating endometriosis,1
custom:inflammatory_bowel_disease,Inflammatory Bowel Disease,NA,NA,Inflammatory Bowel Disease,1
custom:intermediate_age_related_macular_degeneration_clinical_classification_,Intermediate age-related macular degeneration (Clinical Classification),NA,NA,Intermediate age-related macular degeneration (Clinical Classification),1
custom:ischemic_stroke,Ischemic stroke,NA,NA,Ischemic stroke,1
custom:ischemic_stroke_in_atrial_fibrillation_cases,Ischemic stroke in atrial fibrillation cases,NA,NA,Ischemic stroke in atrial fibrillation cases,1
custom:isolated_rem_sleep_behavior_disorder,Isolated REM sleep behavior disorder,NA,NA,Isolated REM sleep behavior disorder,1
custom:keratinocyte_cancer,Keratinocyte cancer,NA,NA,Keratinocyte cancer,1
custom:keratoconus,Keratoconus,NA,NA,Keratoconus,1
custom:keratoconus_with_central_corneal_thickness_variants,Keratoconus with central corneal thickness variants,NA,NA,Keratoconus with central corneal thickness variants,1
custom:keratoconus_with_corneal_resistance_factor_variants,Keratoconus with ﻿corneal resistance factor variants,NA,NA,Keratoconus with ﻿corneal resistance factor variants,1
custom:late_age_related_macular_degeneration_clinical_classification_,Late age-related macular degeneration (Clinical Classification),NA,NA,Late age-related macular degeneration (Clinical Classification),1
custom:late_cad,Late CAD,NA,NA,Late CAD,1
custom:late_onset_alzheimer_s_disease,Late-onset Alzheimer's disease,NA,NA,Late-onset Alzheimer's disease,1
custom:lethal_prostate_cancer_risk_in_10_years,Lethal prostate cancer risk in 10 years,NA,NA,Lethal prostate cancer risk in 10 years,1
custom:localized_prostate_cancer_risk_in_10_years,Localized prostate cancer risk in 10 years,NA,NA,Localized prostate cancer risk in 10 years,1
custom:low_density_lipoprotein_cholesterol_level_4_9mmol_l_in_individuals_who_have_familial_hypercholestrolaemia_and_no_known_mutation,Low-density lipoprotein cholesterol level >4.9mmol/L in individuals who have familial hypercholestrolaemia and no known mutation,NA,NA,Low-density lipoprotein cholesterol level >4.9mmol/L in individuals who have familial hypercholestrolaemia and no known mutation,1
custom:lower_back_pain,Lower back pain,NA,NA,Lower back pain,1
custom:lung_adenocarcinoma,lung adenocarcinoma,NA,NA,lung adenocarcinoma,1
custom:lung_cancer,lung cancer,NA,NA,lung cancer,1
custom:lung_cancer_in_individuals_who_have_never_smoked,Lung cancer in individuals who have never smoked,NA,NA,Lung cancer in individuals who have never smoked,1
custom:lung_squamous_cell_carcinoma,lung squamous cell carcinoma,NA,NA,lung squamous cell carcinoma,1
custom:lymphoid_leukemia,Lymphoid leukemia,NA,NA,Lymphoid leukemia,1
custom:male_estrogen_receptor_positive_breast_cancer_in_brca1_carriers,Male estrogen receptor positive breast cancer in BRCA1 carriers,NA,NA,Male estrogen receptor positive breast cancer in BRCA1 carriers,1
custom:male_estrogen_receptor_positive_breast_cancer_in_brca2_carriers,Male estrogen receptor positive breast cancer in BRCA2 carriers,NA,NA,Male estrogen receptor positive breast cancer in BRCA2 carriers,1
custom:metastatic_prostate_cancer,Metastatic prostate cancer,NA,NA,Metastatic prostate cancer,1
custom:mild_early_age_related_macular_degeneration_3cacss_,Mild early age-related macular degeneration (3CACSS),NA,NA,Mild early age-related macular degeneration (3CACSS),1
custom:mild_myopia_aged_18_years_,Mild myopia (aged >18 years),NA,NA,Mild myopia (aged >18 years),1
custom:moderate_early_age_related_macular_degeneration_3cacss_,Moderate early age-related macular degeneration (3CACSS),NA,NA,Moderate early age-related macular degeneration (3CACSS),1
custom:moderate_myopia_aged_18_years_,Moderate myopia (aged >18 years),NA,NA,Moderate myopia (aged >18 years),1
custom:multiple_sclerosis,Multiple Sclerosis,NA,NA,Multiple Sclerosis,1
custom:non_localized_prostate_cancer_risk_in_10_years,Non-localized prostate cancer risk in 10 years,NA,NA,Non-localized prostate cancer risk in 10 years,1
custom:non_monogenic_idiopathic_nephrotic_syndrome,Non-monogenic idiopathic nephrotic syndrome,NA,NA,Non-monogenic idiopathic nephrotic syndrome,1
custom:nonalcoholic_fatty_liver_disease,Nonalcoholic fatty liver disease,NA,NA,Nonalcoholic fatty liver disease,1
custom:nonsyndromic_cleft_lip_with_or_without_cleft_palate,Nonsyndromic cleft lip with or without cleft palate,NA,NA,Nonsyndromic cleft lip with or without cleft palate,1
custom:ovarian_cancer,Ovarian cancer,NA,NA,Ovarian cancer,1
custom:ovarian_endometriosis,Ovarian endometriosis,NA,NA,Ovarian endometriosis,1
custom:ovarian_serous_carcinoma,ovarian serous carcinoma,NA,NA,ovarian serous carcinoma,1
custom:pancreatic_cancer_0_10_years_of_follow_up_,Pancreatic cancer (0-10 years of follow-up),NA,NA,Pancreatic cancer (0-10 years of follow-up),1
custom:parkinson_s_disease_age_at_onset_,Parkinson's disease (age at onset),NA,NA,Parkinson's disease (age at onset),1
custom:pediatric_steroid_sensitive_nephrotic_syndrome,Pediatric Steroid-Sensitive Nephrotic Syndrome,NA,NA,Pediatric Steroid-Sensitive Nephrotic Syndrome,1
custom:peripheral_arterial_disease,Peripheral arterial disease,NA,NA,Peripheral arterial disease,1
custom:peritoneal_endometriosis,Peritoneal endometriosis,NA,NA,Peritoneal endometriosis,1
custom:prevalent_coronary_artery_disease,Prevalent Coronary Artery Disease,NA,NA,Prevalent Coronary Artery Disease,1
custom:prevalent_cutaneous_melanoma,Prevalent cutaneous melanoma,NA,NA,Prevalent cutaneous melanoma,1
custom:prevalent_heart_failure,Prevalent heart failure,NA,NA,Prevalent heart failure,1
custom:prevalent_invasive_breast_cancer,Prevalent invasive breast cancer,NA,NA,Prevalent invasive breast cancer,1
custom:prevalent_myocardial_infarction,Prevalent Myocardial Infarction,NA,NA,Prevalent Myocardial Infarction,1
custom:prevalent_myocardial_infarction_and_coronary_revascularization_procedure,Prevalent Myocardial Infarction and Coronary Revascularization procedure,NA,NA,Prevalent Myocardial Infarction and Coronary Revascularization procedure,1
custom:prevalent_vte,Prevalent VTE,NA,NA,Prevalent VTE,1
custom:probabable_rem_sleep_behavior_disorder,Probabable REM sleep behavior disorder,NA,NA,Probabable REM sleep behavior disorder,1
custom:probabable_rem_sleep_behavior_disorder_with_parkinson_disease_,Probabable REM sleep behavior disorder (with Parkinson disease),NA,NA,Probabable REM sleep behavior disorder (with Parkinson disease),1
custom:prostate_adenocarcinoma,prostate adenocarcinoma,NA,NA,prostate adenocarcinoma,1
custom:prostate_cancer,Prostate cancer,NA,NA,Prostate Cancer,1
custom:prostate_cancer_clinical_cases_,Prostate cancer (clinical cases),NA,NA,Prostate cancer (clinical cases),1
custom:prostate_cancer_in_brca1_carriers,Prostate cancer in BRCA1 carriers,NA,NA,Prostate cancer in BRCA1 carriers,1
custom:prostate_cancer_in_brca2_carriers,Prostate cancer in BRCA2 carriers,NA,NA,Prostate cancer in BRCA2 carriers,1
custom:prostate_cancer_in_male_carriers_of_brca1_2_mutations,Prostate cancer in male carriers of BRCA1/2 mutations,NA,NA,Prostate cancer in male carriers of BRCA1/2 mutations,1
custom:prostate_cancer_metastasis_or_death,Prostate cancer metastasis or death,NA,NA,Prostate cancer metastasis or death,1
custom:prostate_cancer_screening_trial_detected_,Prostate cancer (screening trial detected),NA,NA,Prostate cancer (screening trial detected),1
custom:prostate_carcinoma,Prostate carcinoma,NA,NA,Prostate carcinoma,1
custom:proximal_colon_cancer,Proximal colon cancer,NA,NA,Proximal colon cancer,1
custom:pulmonary_embolism,Pulmonary embolism,NA,NA,Pulmonary embolism,1
custom:rectal_cancer,Rectal cancer,NA,NA,Rectal cancer,1
custom:renal_disease_age_of_onset,Renal disease age of onset,NA,NA,Renal disease age of onset,1
custom:severe_covid_19_course,Severe COVID-19 course,NA,NA,Severe COVID-19 course,1
custom:severe_early_age_related_macular_degeneration_3cacss_,Severe early age-related macular degeneration (3CACSS),NA,NA,Severe early age-related macular degeneration (3CACSS),1
custom:severe_insulin_deficiency,Severe insulin deficiency,NA,NA,Severe insulin deficiency,1
custom:short_stature_in_adulthood,Short stature in adulthood,NA,NA,Short stature in adulthood,1
custom:short_stature_in_adulthood_females_,Short stature in adulthood (females),NA,NA,Short stature in adulthood (females),1
custom:short_stature_in_adulthood_males_,Short stature in adulthood (males),NA,NA,Short stature in adulthood (males),1
custom:skin_cutaneous_melanoma,skin cutaneous melanoma,NA,NA,skin cutaneous melanoma,1
custom:systemic_sclerosis,Systemic sclerosis,NA,NA,Systemic sclerosis,1
custom:total_cholesterol_levels,Total cholesterol levels,NA,NA,Total cholesterol levels,1
custom:total_prostate_cancer_risk_in_10_years,Total prostate cancer risk in 10 years,NA,NA,Total prostate cancer risk in 10 years,1
custom:type_1_diabetes_aetiology_non_monogenic_,Type 1 diabetes aetiology (non-monogenic),NA,NA,Type 1 diabetes aetiology (non-monogenic),1
custom:type_1_diabetes_vs_latent_autoimmune_diabetes_type_2_diabetes,Type 1 diabetes vs latent autoimmune diabetes/type 2 diabetes,NA,NA,Type 1 diabetes vs latent autoimmune diabetes/type 2 diabetes,1
custom:type_1_diabetes_with_age_of_diagnosis_under_25,Type 1 diabetes with age of diagnosis under 25,NA,NA,Type 1 diabetes with age of diagnosis under 25,1
custom:type_2_diabetes_mellitus,Type 2 diabetes mellitus,NA,NA,Type 2 diabetes mellitus,1
custom:type_2_diabetes_with_age_of_diagnosis_over_45,Type 2 diabetes with age of diagnosis over 45,NA,NA,Type 2 diabetes with age of diagnosis over 45,1
custom:uterine_cancer,Uterine cancer,NA,NA,Uterine cancer,1
custom:uterine_endometrial_carcinoma,uterine endometrial carcinoma,NA,NA,uterine endometrial carcinoma,1
custom:uterine_fibroid,Uterine fibroid,NA,NA,Uterine fibroid,1
custom:venous_thromboembolism,Venous thromboembolism,NA,NA,Venous thromboembolism,1
